epoch,global_step,schedule_s,beta_mean_train,train_loss_weighted,train_mse,train_u_abs,train_dudt_abs,w_mean,w_median,w_p01,w_p10,w_p25,w_p75,w_p90,w_p99,w_min,w_max,w_std,w_saturation_frac,w_near_lower_frac,delta2_mean,val_imf_mse_fixed,selection_metric,diag_hr_abs_err,diag_morph_corr,diag_amp_ratio,diag_beats_ratio,lr,epoch_time_s,elapsed_s,peak_mem_MiB,is_best,best_epoch,no_improve,event
0,218,0.996667,1.0,0.9999600111617954,0.31172050163149834,0.7417188001318126,0.5587257601933793,0.003998720492562066,0.00377409542185028,0.0014689173800400842,0.0021318668358608944,0.0028488094981977664,0.004950213381553863,0.006027442932346785,0.0076052270774407005,0.0013749207635789281,0.007889449110985177,0.0016091489915114159,0.0,0.0,319.201794090621,0.25290002150479196,0.25290002150479196,25.713805865481405,0.30586364893683965,0.6719698309898376,0.8038777032065623,0.001,144.35490848310292,144.35490848310292,16903.03173828125,1,0,0,best
1,436,0.993333,1.0,0.9999489791076118,0.2292108624968507,0.7848194174536871,0.4910544234951702,0.005103003178133603,0.004760975957476457,0.001993565072803203,0.0028957185602998957,0.003715763467154679,0.0062060160348789955,0.007636233109023866,0.009867775067046216,0.0018539156447273653,0.010290077118493548,0.002009923926580253,0.0,0.0,234.71192386172234,0.19852418088865534,0.19852418088865534,nan,nan,nan,nan,0.001,143.4318984230049,287.7868069061078,16903.03173828125,1,1,0,best
2,654,0.99,1.0,0.9999440550257307,0.20249042670251033,0.8034047431081807,0.5219501978076926,0.005595685109931873,0.005280802766536149,0.0023027996219152054,0.0033875919852850087,0.004263665284128399,0.00667873018852717,0.00808861423625585,0.010448856904051788,0.0021269355541193398,0.010895839983110375,0.0020296880016808286,0.0,0.0,207.35019785329837,0.20708017876646773,0.20708017876646773,nan,nan,nan,nan,0.001,143.45697400020435,431.24378090631217,16903.03173828125,0,1,1,
3,872,0.986667,1.0,0.9999398051872166,0.1906559079407005,0.8107594098519841,0.508674579202582,0.0060207425507742465,0.0056916716307777605,0.002396245130445646,0.00354662747389355,0.004519924485133192,0.007242021005634868,0.008714653044264047,0.011372715168538581,0.002211980133316343,0.01191137919903075,0.0022373655658757844,0.0,0.0,195.23164994126066,0.20522233021999753,0.20522233021999753,nan,nan,nan,nan,0.001,143.35683656809852,574.6006174744107,16903.03173828125,0,1,2,
4,1090,0.983333,1.0,0.999938181507478,0.18746046345988546,0.8127617859238878,0.5102765944982888,0.006183026980078958,0.005820791934480156,0.002340375579286948,0.003593437536245793,0.004587168891277643,0.007442200006361743,0.009140166624902038,0.011785483212047898,0.0021445809979255552,0.01229827712853909,0.00236740790349175,0.0,0.0,191.95951493289493,0.18598175685190713,0.18598175685190713,20.761598829838377,0.6031007017827861,0.9577716588973999,1.0477255779269201,0.001,143.85087091405876,718.4514883884694,16903.03173828125,1,4,0,best
5,1308,0.98,1.0,0.9999375737041508,0.18626545875444325,0.814329020747351,0.5221852597977044,0.0062437506826218524,0.005835578646596282,0.002394658345953399,0.0035842238367885487,0.004615471173406775,0.007512587590416501,0.009279322511422525,0.012072268732473117,0.00219805031006092,0.012635740519868672,0.0024281255171929032,0.0,0.0,190.73582983454432,0.1955146557864734,0.1955146557864734,nan,nan,nan,nan,0.001,143.2985318240244,861.7500202124938,16903.03173828125,0,4,1,
6,1526,0.976667,1.0,0.9999359140702344,0.1822498240123648,0.8159855959612295,0.5074722471587155,0.006409519499407039,0.00595460196427249,0.002433898394533279,0.0036629049466290605,0.004710482219832206,0.007752328539702939,0.009489678206358003,0.012593841808207265,0.002232999112117937,0.013198329620661402,0.002541362534655224,0.0,0.0,186.62382010363658,0.18411769408314338,0.18411769408314338,nan,nan,nan,nan,0.001,143.6520045318175,1005.4020247443113,16903.03173828125,1,6,0,best
7,1744,0.973333,1.0,0.9999353937599638,0.1822718591386572,0.8174883931054981,0.5111936901550774,0.006461841715371595,0.006039318366941714,0.0023845411351681133,0.0036744566809454367,0.004714899048649219,0.007794659777006151,0.009609596972533186,0.012832336813433591,0.00217125636765492,0.013460836853883272,0.00259738120569745,0.0,0.0,186.64638386297662,0.19339370912980125,0.19339370912980125,nan,nan,nan,nan,0.001,143.52039026585408,1148.9224150101654,16903.03173828125,0,6,1,
8,1962,0.97,1.0,0.9999343804810026,0.18167921036071732,0.8189172714675238,0.508598149506324,0.006562739695046405,0.006094142546826,0.0023225964629892343,0.003612972545510141,0.00477553802914063,0.007928309670581115,0.009855075332404482,0.013260522148136151,0.002104939954099566,0.013944769673339954,0.0027113233296704744,0.0,0.0,186.03951172434955,0.1938335249755469,0.1938335249755469,nan,nan,nan,nan,0.001,143.4032793729566,1292.325694383122,16903.03173828125,0,6,2,
9,2180,0.966667,1.0,0.9999337875788364,0.18039177669160958,0.8199300336728402,0.5098625952634243,0.0066220559384844715,0.006171613700961301,0.00236208037249776,0.003661873622491973,0.004819115889237322,0.007995336741602065,0.009956721540053434,0.013337457672171637,0.002145067478664681,0.013988978101299444,0.00272949735357409,0.0,0.0,184.72117915722208,0.18569643753988357,0.18569643753988357,17.649505134741474,0.6451721186706807,0.9248049855232239,0.9992542878448919,0.001,143.74755862914026,1436.0732530122623,16903.03173828125,0,6,3,
10,2398,0.963333,1.0,0.9999323957556978,0.1790946051478386,0.8208428257649097,0.48580532356959966,0.006761144369268158,0.0062570438780095595,0.002331791284874321,0.0036616657813583766,0.004847329534983279,0.008214463456320244,0.01023527975258238,0.013998943336154207,0.002115713526985294,0.014748422176910376,0.0028931566964249646,0.0,0.0,183.39287514642837,0.20391500292956882,0.20391500292956882,nan,nan,nan,nan,0.001,143.52206410421059,1579.5953171164729,16903.03173828125,0,6,4,
11,2616,0.96,1.0,0.9999321454435314,0.17754955538505807,0.8214672712284491,0.504882022259979,0.006786233064111903,0.006280867210931119,0.0024434204070872645,0.003691065257336141,0.0048651065967908694,0.008221511887130113,0.010309148286127511,0.014088555623631958,0.002249413811272745,0.014887710187344923,0.002897629290851209,0.0,0.0,181.81074499427726,0.18689922985944413,0.18689922985944413,nan,nan,nan,nan,0.001,143.48696853104047,1723.0822856475133,16903.03173828125,0,6,5,
12,2834,0.956667,1.0,0.9999322781869031,0.17829229891163492,0.8212435097869383,0.5137862159161393,0.006772932954294897,0.006251337771397939,0.002349823721846856,0.0036853176323748235,0.004853110987406839,0.00817039168286009,0.0102899140462604,0.014196910792876273,0.0021248872004318,0.015010759990593982,0.0029200111764671128,0.0,0.0,182.57131478545864,0.18203101123194848,0.18203101123194848,nan,nan,nan,nan,0.001,143.5874689600896,1866.669754607603,16903.03173828125,1,12,0,best
13,3052,0.953333,1.0,0.9999311205443986,0.17765716579529123,0.8217374530680682,0.5084735788746712,0.006888691277174843,0.006340427228053092,0.0023608551728603253,0.0036868085121359983,0.0049022030578755324,0.008329231614554558,0.010550432709267858,0.01456386088649956,0.0021492076048495595,0.015375644423563135,0.0030215467286825934,0.0,0.0,181.92093826433936,0.18784125673788032,0.18784125673788032,nan,nan,nan,nan,0.001,143.41760878590867,2010.0873633935116,16903.03173828125,0,12,1,
14,3270,0.95,1.0,0.9999297896929837,0.17554699000688867,0.824264117473856,0.5110593407389221,0.007021829012755749,0.006417144081392967,0.0023307451395448214,0.003714576903185935,0.00494557252600191,0.008468140127060405,0.01081935284924138,0.01535817833805303,0.0021127895790514313,0.016338540104414344,0.0031925749710286803,0.0,0.0,179.76011734708734,0.20269776518093496,0.20269776518093496,17.523998146323976,0.6261484242026641,1.0208598375320435,0.9291573452647278,0.001,143.97964186803438,2154.067005261546,16903.03173828125,0,12,2,
15,3488,0.946667,1.0,0.9999297706905855,0.1750823184164292,0.8232155036215388,0.5110986805563673,0.007023537685291483,0.006445225076151824,0.002365205677452074,0.0037291464467913153,0.004957291064249915,0.00850037915884184,0.010754725125772075,0.015101952862780574,0.002157126597279401,0.016006029883843906,0.0031407074938707667,0.0,0.0,179.28429342847352,0.17127123884165002,0.17127123884165002,nan,nan,nan,nan,0.001,143.37254940788262,2297.4395546694286,16903.03173828125,1,15,0,best
16,3706,0.943333,1.0,0.9999289989744852,0.17405022274053425,0.8244335916611033,0.5072955182932932,0.007100976140605747,0.006511959181073198,0.0023507228634617114,0.0037341421633454706,0.005010652098988414,0.00856919919883986,0.010981147318497437,0.015385940685919529,0.0021355867247621063,0.016277859809834067,0.003215519027835732,0.0,0.0,178.2274285937668,0.18218920433071997,0.18218920433071997,nan,nan,nan,nan,0.001,143.6276206180919,2441.0671752875205,16903.03173828125,0,15,1,
17,3924,0.94,1.0,0.9999292051299996,0.1753588768251992,0.8250946598042042,0.5193236768245697,0.007080344966006115,0.0064839004013482315,0.0023189469263568485,0.0037016737746895043,0.004973383831317374,0.008578146375297064,0.010971116771443037,0.015316592819920373,0.002116400974246229,0.016195030049890827,0.0032208316479895023,0.0,0.0,179.56748934404567,0.17945454520964707,0.17945454520964707,nan,nan,nan,nan,0.001,143.5257103201002,2584.5928856076207,16903.03173828125,0,15,2,
18,4142,0.936667,1.0,0.9999289436077853,0.1763232018490997,0.8253223283575215,0.5197677821467775,0.007106322249389091,0.006495404839003032,0.00224864403057711,0.003670290673211422,0.004968754535993783,0.008629001580913542,0.010972255476699168,0.015590248875097808,0.002015189140799579,0.016506244887708934,0.0032820761069728044,0.0,0.0,180.55495865848087,0.18776922139391028,0.18776922139391028,nan,nan,nan,nan,0.001,143.1843406788539,2727.7772262864746,16903.03173828125,0,15,3,
19,4360,0.933333,1.0,0.9999288853702195,0.17682938892906958,0.8252411008974828,0.5236527565695824,0.007112354867869493,0.006495372797020737,0.0022460904120309533,0.003673182019147885,0.004947038063001947,0.008658898839462173,0.011133247766421613,0.015483913473238091,0.002024581749045606,0.01639819985956227,0.0032842250430311394,0.0,0.0,181.07329377340614,0.18875909981727074,0.18875909981727074,15.505915722802673,0.5632046198567786,0.8933665752410889,1.041014168530947,0.001,144.01889899582602,2871.7961252823006,16903.03173828125,0,15,4,
20,4578,0.93,1.0,0.9999283561739353,0.17616444402331605,0.8257797938694648,0.5251178934213219,0.007164995633535634,0.0065381810893603695,0.002221549750191433,0.003631850936580364,0.004968513098626543,0.008756776002808175,0.011131419599432191,0.015788592804018238,0.0020105302059281204,0.016726497453936468,0.003347175157364082,0.0,0.0,180.39239081986454,0.19361257060512466,0.19361257060512466,nan,nan,nan,nan,0.001,143.24130869400688,3015.0374339763075,16903.03173828125,0,15,5,
21,4796,0.926667,1.0,0.9999273392038608,0.17629637890452637,0.8264696883772491,0.5176549185443362,0.007266852178038397,0.006613194714983874,0.0022448506328763777,0.0036976992106171956,0.005024287061992212,0.008826219387044873,0.011321013359728894,0.016392486556561305,0.0020229737543025154,0.01746368508811596,0.0034594236765753206,0.0,7.167431192660551e-05,180.5274922782128,0.20595065910108945,0.20595065910108945,nan,nan,nan,nan,0.001,143.35164935607463,3158.389083332382,16903.03173828125,0,15,6,
22,5014,0.923333,1.0,0.9999273959376397,0.17533321350539496,0.8264589265945854,0.5154457043070312,0.007261101684080215,0.006600521671491752,0.0021878286999641753,0.0037102803930751296,0.0050217790647683275,0.00883291290598759,0.011305078691076657,0.01621241165205426,0.0019448521091304227,0.017198902151094528,0.0034342432488610438,0.0,0.0,179.54121006956888,0.18161047120256618,0.18161047120256618,nan,nan,nan,nan,0.001,143.18031078297645,3301.5693941153586,16903.03173828125,0,15,7,
23,5232,0.92,1.0,0.9999267663977561,0.17277445914138348,0.8269427584125362,0.5150526930159385,0.007324032573063576,0.00662241461302299,0.0022949727460124677,0.0037512806513338185,0.005085531126605262,0.008885284283394934,0.011483568953427085,0.01638112705705021,0.002069573387082553,0.017362373071474903,0.003470004478537845,0.0,0.0,176.92104577580724,0.1866629303842256,0.1866629303842256,nan,nan,nan,nan,0.001,143.37207004218362,3444.941464157542,16903.03173828125,0,15,8,
24,5450,0.916667,1.0,0.9999264823187382,0.17514171037788784,0.8268105685710907,0.5206742021468801,0.0073525093019504205,0.006696550937053329,0.002216886106073224,0.0037048968551637723,0.0050803022672755455,0.008914363039700194,0.011572139497863454,0.016571640953370326,0.0019881512697785026,0.01761625379904968,0.003521984656941607,0.0,0.0,179.34511202190996,0.1884599811670055,0.1884599811670055,18.209980335235052,0.574742313852551,0.8458811044692993,0.9694258016405667,0.001,144.0406909128651,3588.9821550704073,16903.03173828125,0,15,9,
25,5668,0.913333,1.0,0.9999262064421942,0.1744933228153701,0.8280491406491043,0.5114948709896945,0.007380113635776103,0.006708188366930966,0.002193319605644194,0.0037608362321524,0.005155925586106205,0.008949521240145994,0.011452934749578253,0.016644158772269792,0.0019472071408601734,0.01772049890720038,0.003499615030980524,0.0,0.0,178.68116280791958,0.19510059681194847,0.19510059681194847,nan,nan,nan,nan,0.001,143.39058837713674,3732.372743447544,16903.03173828125,0,15,10,
26,5886,0.91,1.0,0.9999264600353504,0.1739997545581892,0.828940516081425,0.5194345149425191,0.007354615217741203,0.006670591010233609,0.002223435633948261,0.0037296256376216784,0.005066920387443292,0.008925147363147057,0.011512598802480813,0.016707836799836215,0.001991105292682908,0.017849195962173676,0.003534426069188299,0.0,0.0,178.17574838760797,0.2016423786838006,0.2016423786838006,nan,nan,nan,nan,0.001,143.31689722882584,3875.68964067637,16903.03173828125,0,15,11,
27,6104,0.906667,1.0,0.9999257315189467,0.17577282715281214,0.8284365875185082,0.5092155854089544,0.007427188548592663,0.006706671222164338,0.00216320098369487,0.0037171670012475086,0.005074883854431058,0.008982490208811648,0.011623546346560668,0.017320300236669018,0.0019272752347164104,0.018435396433491773,0.00367593667934512,0.0,0.0,179.9913741295491,0.18604400903842916,0.18604400903842916,nan,nan,nan,nan,0.001,143.41163560305722,4019.101276279427,16903.03173828125,0,15,12,
28,6322,0.903333,1.0,0.9999259218163447,0.17371018767493582,0.8281611772852207,0.5142007085298179,0.00740823472333098,0.006692867947169879,0.0022093612262007243,0.0036964243304074117,0.005045974278959249,0.008988277502827893,0.011732489951467568,0.01693077282681036,0.00198065464548663,0.01797090232833673,0.0036175964403376325,0.0,0.0,177.87923182916205,0.18337101543653234,0.18337101543653234,nan,nan,nan,nan,0.001,143.53279214492068,4162.634068424348,16903.03173828125,0,15,13,
29,6540,0.9,1.0,0.9999253107320278,0.17285130282334232,0.828246667571024,0.5050684767988843,0.0074695030050010445,0.006774041280492183,0.002214855075639741,0.0037388764652893495,0.0051438850083670344,0.009061941728551248,0.01163144271346578,0.017156774554094045,0.001975650945070911,0.018303670862757967,0.003634032869707246,0.0,0.0,176.99973430108588,0.19458003142547228,0.19458003142547228,18.186576766171292,0.5579044138958043,0.7970222234725952,0.877703206562267,0.001,143.9798905479256,4306.613958972273,16903.03173828125,0,15,14,
30,6758,0.896667,1.0,0.9999248698490475,0.17509518768809257,0.8289636749466625,0.510553680702087,0.007513390446013403,0.006792265131488579,0.0021601376801124697,0.0037265349761048897,0.005125247488874908,0.009097690097005064,0.011794931983677755,0.017585595127690687,0.0019061737689507353,0.018773495689581293,0.0037386557845603846,0.0,0.0,179.2974717376429,0.20165610069838855,0.20165610069838855,nan,nan,nan,nan,0.001,143.6323871531058,4450.246346125379,16903.03173828125,0,15,15,
31,6976,0.893333,1.0,0.9999249120917889,0.17480546389834598,0.8288951823744205,0.5108345794158244,0.007509265876793807,0.006779640626777476,0.002149922097979729,0.0037143691795356914,0.005093178979907219,0.00913785550093979,0.011889614166965315,0.01741452663581511,0.001905876609663385,0.018526075899156683,0.003728634284258128,0.0,0.0,179.00079443695347,0.2000498007291271,0.2000498007291271,nan,nan,nan,nan,0.001,143.39130034809932,4593.6376464734785,16903.03173828125,0,15,16,
32,7194,0.89,1.0,0.9999251606267526,0.1726206489112399,0.8286652063284445,0.5123921026467183,0.00748446831424131,0.006786086460908687,0.002206159815464036,0.0037655144104298305,0.005156128235810667,0.00907785527796886,0.011772163099088117,0.016993052994729866,0.001972711563162151,0.018067179439982418,0.0036132898066329575,0.0,0.0,176.7635444151152,0.18464745836584417,0.18464745836584417,nan,nan,nan,nan,0.001,143.51059440895915,4737.148240882438,16903.03173828125,0,15,17,
33,7412,0.886667,1.0,0.9999251237156195,0.17236017244398047,0.8291904464227344,0.5205934520708312,0.007488305631324375,0.0067726366954573665,0.0021908580509245124,0.003746978528989872,0.005130692812883287,0.00907097308930659,0.011716450483392957,0.01746064380511915,0.0019516811272972626,0.018610455945920232,0.0036992783195749267,0.0,0.0,176.496815637711,0.1869445964479926,0.1869445964479926,nan,nan,nan,nan,0.001,143.53441531397402,4880.682656196412,16903.03173828125,0,15,18,
34,7630,0.883333,1.0,0.9999248565883812,0.17663222817926233,0.8292294651816744,0.5172903775621992,0.007515026034291731,0.006773088972186755,0.0021224605722444715,0.0037039456207629876,0.0050931263121203815,0.009106828329161903,0.011990624531214937,0.017463604199759866,0.0018802706746693161,0.018525830352542186,0.0037534758710268236,0.0,0.0,180.8714027054813,0.17882375268613102,0.17882375268613102,18.371908764070216,0.5835370130330626,0.867345929145813,1.0022371364653244,0.001,144.28327271388844,5024.9659289103,16903.03173828125,0,15,19,
35,7848,0.88,1.0,0.9999244053156005,0.17549512162804604,0.8295579898521441,0.5185898672276681,0.007560106238922736,0.0068293178898342155,0.0021338531066056924,0.0037057150020200005,0.005130681531277374,0.00920014120446125,0.011985497837544445,0.017633661548735215,0.0018720689843517702,0.018825895881382834,0.0037715963983519533,0.0,0.0,179.70700472210527,0.17749034913436276,0.17749034913436276,nan,nan,nan,nan,0.001,143.7283893090207,5168.694318219321,16903.03173828125,0,15,20,historical_early_stop(patience=20)
36,8066,0.876667,1.0,0.9999237365405494,0.17141792270431824,0.8296212414535907,0.5039720280318085,0.007627086398841113,0.006885387578022179,0.0022187732687297943,0.003772008519538533,0.005185233401305495,0.009231634604650627,0.011984382886354119,0.01778936580276339,0.0019833497687588965,0.018914771197927654,0.0037952391542878786,0.0,0.0,175.53195386414134,0.1867497155638815,0.1867497155638815,nan,nan,nan,nan,0.001,143.8024952360429,5312.496813455364,16903.03173828125,0,15,21,
37,8284,0.873333,1.0,0.9999238312791247,0.17458807863295078,0.8303392057845352,0.522351171650471,0.00761739138530892,0.006812687203877631,0.0021197791052437517,0.003729105488890611,0.005136743044788274,0.009211737433995266,0.012147574894847947,0.018300181333778785,0.0018720539833964789,0.019621579890746043,0.00391562109003527,0.0,0.0,178.77819278262078,0.1762402002048324,0.1762402002048324,nan,nan,nan,nan,0.001,143.82340134191327,5456.320214797277,16903.03173828125,0,15,22,
38,8502,0.87,1.0,0.9999232340023059,0.1741844092692257,0.8303002936577578,0.5066414834299219,0.007676984223007404,0.0068761235906170046,0.0020988770754454622,0.0037072326314054565,0.005153041549770315,0.00928262026164544,0.012261729399084088,0.01854258641993644,0.0018413328093587669,0.019908214477104468,0.003973713674403112,0.0,0.0,178.364834286751,0.19211768160164883,0.19211768160164883,nan,nan,nan,nan,0.001,144.10309730586596,5600.423312103143,16903.03173828125,0,15,23,
39,8720,0.866667,1.0,0.9999227459550998,0.1731524358101941,0.8307665382776785,0.5132210168543212,0.0077258915386222505,0.006907252996408065,0.002127929953772814,0.003754572858745574,0.0051961954690541625,0.009305584161123688,0.012334597235067038,0.01872596974749494,0.0018787604020780312,0.020037256100069765,0.004009779955478334,0.0,0.0,177.30809454961656,0.17807801833473455,0.17807801833473455,17.54065151762667,0.5795224990638795,0.8134036660194397,0.964951528709918,0.001,144.4854832070414,5744.908795310184,16903.03173828125,0,15,24,
40,8938,0.863333,1.0,0.9999233620976089,0.1756169447384843,0.8304137485016376,0.5247626933482809,0.007664171206645257,0.006881529886121733,0.002104116179857514,0.0036814223546128926,0.005179296973921837,0.009258168311618747,0.012229715461133543,0.01846119763816647,0.0018710730377062162,0.019795221120648836,0.003954954746546685,0.0,0.0,179.83175218214683,0.19578832133642665,0.19578832133642665,nan,nan,nan,nan,0.001,143.79088279604912,5888.6996781062335,16903.03173828125,0,15,25,
41,9156,0.86,1.0,0.9999226226445732,0.1729615239443582,0.8312956340816042,0.52594861224157,0.007738273290686583,0.006927494665633443,0.0021410349597209217,0.0037807111370424234,0.005203675152413513,0.009341196932428337,0.012427691852998569,0.01847576409783385,0.001885741928054571,0.019700099045513283,0.003972823882994558,0.0,0.0,177.11260030903946,0.1883165555438776,0.1883165555438776,nan,nan,nan,nan,0.001,143.4140428560786,6032.113720962312,16903.03173828125,0,15,26,
42,9374,0.856667,1.0,0.9999228975641619,0.17425345108254786,0.8305312842130661,0.5194588130630484,0.007710735526132406,0.00685325592709278,0.002126973198188486,0.0037386363215740222,0.005179180308680879,0.009318523085462528,0.012228823969687481,0.018832431164134397,0.0018599948532336793,0.020128862434622207,0.004020616390268156,0.0,0.0,178.4355336985457,0.1795279683757682,0.1795279683757682,nan,nan,nan,nan,0.001,143.8161456361413,6175.929866598453,16903.03173828125,0,15,27,
43,9592,0.853333,1.0,0.9999223113606829,0.17155359917824423,0.8313931419488487,0.5143600232010588,0.00776966642310689,0.006911938726995995,0.0021952473320314713,0.0037811241134544068,0.00523480012801416,0.009397616165630314,0.012313812153003768,0.018942694647511076,0.001955736051417712,0.020280202186384468,0.004046705546372339,0.0,0.0,175.67088660843876,0.19093013072598836,0.19093013072598836,nan,nan,nan,nan,0.001,143.6776138059795,6319.607480404433,16903.03173828125,0,15,28,
44,9810,0.85,1.0,0.9999223380187235,0.17227727533617151,0.8306882686297828,0.5218629883516819,0.0077667247734690475,0.006909800691256692,0.0021581344685352773,0.003728282390912106,0.00519878084134789,0.00936749840684987,0.012345664013057537,0.019110404367242522,0.001899555944598658,0.020464704835514,0.0040903589955249104,0.0,0.0,176.4119293142896,0.2098209367460587,0.2098209367460587,18.599456531207682,0.5709540409114894,0.8230903744697571,0.9716629381058911,0.001,143.75346447201446,6463.360944876447,16903.03173828125,0,15,29,
45,10028,0.846667,1.0,0.9999221239341508,0.1739638385217671,0.8314668290111997,0.5251315941504382,0.007788126211647594,0.006933228433166349,0.0020604053547727628,0.0037290520668072508,0.005215269064321396,0.009443934730237025,0.012511062794664038,0.01879186790923528,0.0017932873755135924,0.020070840506344487,0.004054955566737698,0.0,0.0,178.13897022632284,0.18483958162769187,0.18483958162769187,nan,nan,nan,nan,0.001,143.25985884899274,6606.62080372544,16903.03173828125,0,15,30,
46,10246,0.843333,1.0,0.9999226695353832,0.1747559561915354,0.8311831107653609,0.5274964169077917,0.007733732182105337,0.006924703637129465,0.002048966008368794,0.003664957626440793,0.005152515339699292,0.009320503211828,0.012504069969792841,0.018683986618704754,0.0017972224730562522,0.01994832382973181,0.0040466846223202865,0.0,0.0,178.9500992451239,0.20430200908968768,0.20430200908968768,nan,nan,nan,nan,0.001,143.44514301791787,6750.065946743358,16903.03173828125,0,15,31,
47,10464,0.84,1.0,0.9999223069860301,0.1752937350319613,0.8313042805829179,0.5341828257665722,0.007769800708714633,0.006957100655182923,0.0021029636542202793,0.0037490202492068804,0.005205874486693925,0.009431145016163793,0.012481745061199737,0.018429128412550334,0.0018349884415270734,0.019592706355428615,0.0039886796602406835,0.0,0.0,179.5007840952742,0.2102531284640628,0.2102531284640628,nan,nan,nan,nan,0.001,143.66911345394328,6893.735060197301,16903.03173828125,0,15,32,
48,10682,0.836667,1.0,0.9999219851756315,0.17579967094534035,0.8316436982756361,0.530743574467274,0.007801988501734006,0.006946790358906082,0.002043489496869253,0.0036917899165477674,0.0051982434142867975,0.009477258114135662,0.012519989982930892,0.019044083620020007,0.0017957797655080115,0.020403335481847917,0.004121156408848805,0.0,0.0,180.01886283804518,0.19384838994938278,0.19384838994938278,nan,nan,nan,nan,0.001,143.36920961597934,7037.104269813281,16903.03173828125,0,15,33,
49,10900,0.833333,1.0,0.9999214565261788,0.1746283398787363,0.8325955586149059,0.5225556595336407,0.007854686827834594,0.00699661843000202,0.001995865421472737,0.003727895219184441,0.0052461003523678815,0.00953670221577407,0.012650123419274293,0.01911915193841613,0.001738747359355463,0.02038478217121863,0.00414935349585027,0.0,0.0,178.81941986083984,0.18378673438032203,0.18378673438032203,17.765559206085193,0.5927520639056849,0.818878710269928,0.9783743475018642,0.001,144.19216421199962,7181.29643402528,16903.03173828125,0,15,34,
50,11118,0.83,1.0,0.9999218229033532,0.17703684593696112,0.831698893680485,0.5334987506407116,0.007818399733060612,0.006955108116167264,0.0019904865977143946,0.0036751666704914745,0.0052063107141293585,0.009497283572339615,0.01268864213488996,0.01889550136487692,0.0017229675220132275,0.020188675563218534,0.0041200254473476375,0.0,0.0,181.2857299244732,0.19259876079666308,0.19259876079666308,nan,nan,nan,nan,0.001,143.61806253902614,7324.914496564306,16903.03173828125,0,15,35,
51,11336,0.826667,1.0,0.9999203877438099,0.17282093121507847,0.8325563131942662,0.5338668683800128,0.007961888734567399,0.007046091116093304,0.002063301004071019,0.003753073841660207,0.005289243238896918,0.009610776401791346,0.012812450598634848,0.019915511180142606,0.0017981687937158272,0.02144857605816711,0.004284335674671029,0.0,0.0,176.96863324926534,0.1879260816160922,0.1879260816160922,nan,nan,nan,nan,0.001,143.68020985508338,7468.59470641939,16903.03173828125,0,15,36,
52,11554,0.823333,1.0,0.9999206793417624,0.17365984921130018,0.8322667825386065,0.5365079292737016,0.007932723598093341,0.007053800067146642,0.002098248158691028,0.003751153633406454,0.005270858947294465,0.009573520164415582,0.012844409787207158,0.01959694397994616,0.0018266917640334497,0.020971708418374216,0.004236485338086313,0.0,7.167431192660551e-05,177.82768497991998,0.1850853407743966,0.1850853407743966,nan,nan,nan,nan,0.001,143.8534312909469,7612.448137710337,16903.03173828125,0,15,37,
53,11772,0.82,1.0,0.9999206029220459,0.17618220984730698,0.8323657650739775,0.5311564222798435,0.007940010692061293,0.007044676674205229,0.0019887464128059778,0.0036865023142068623,0.005230219499635245,0.009573533917444015,0.01290884223732448,0.019865718524937237,0.001709757930248839,0.02134103666768845,0.004309584900369407,0.0,0.0,180.4105835660882,0.1861312555924888,0.1861312555924888,nan,nan,nan,nan,0.001,143.6611255730968,7756.109263283433,16903.03173828125,0,15,38,
54,11990,0.816667,1.0,0.999920500664536,0.17625208308390522,0.8319228969582724,0.5359894653115798,0.00795056658621809,0.0069934554299801045,0.0020051661118787047,0.0037209021449281297,0.005247558179255917,0.009598136399958044,0.012934750362530077,0.020129930962799886,0.0017461307970984517,0.021635086057758934,0.004353736090973669,0.0,0.00014334862385321102,180.48213344538976,0.18392912626174254,0.18392912626174254,18.640157499708607,0.551102422939514,0.8294737339019775,0.9843400447427293,0.001,143.97603871999308,7900.0853020034265,16903.03173828125,0,15,39,
55,12208,0.813333,1.0,0.9999200374981679,0.17184633994047796,0.8324510081918961,0.5360899607249356,0.007996847080878503,0.007056709683346434,0.0020936517056383175,0.0037469933372324144,0.005278854663996453,0.009674906801141867,0.012935518609667454,0.0200003365699817,0.0018348657531950007,0.02144290531190847,0.004336204392613348,0.0,0.0,175.97065262400776,0.20433283451974235,0.20433283451974235,nan,nan,nan,nan,0.001,143.49359474587254,8043.578896749299,16903.03173828125,0,15,40,
56,12426,0.81,1.0,0.9999204822089693,0.176132897154317,0.8329873895699825,0.5340833300297413,0.00795228729011713,0.006996549069966882,0.002017673274017272,0.0037304187047192744,0.005257064997274087,0.00966926993494597,0.012838178008811874,0.019884882424317234,0.0017495342006758278,0.021317357605391548,0.004308207797894784,0.0,7.167431192660551e-05,180.36008600357476,0.2004936982693923,0.2004936982693923,nan,nan,nan,nan,0.001,143.49160897615366,8187.070505725453,16903.03173828125,0,15,41,
57,12644,0.806667,1.0,0.9999205822791528,0.17808579265592842,0.8321069265724322,0.5444778675606491,0.007942379709683495,0.007047104797701975,0.001975216748512114,0.003692984972159814,0.00524938903394403,0.009674860029951285,0.012813656558838048,0.019853017389039516,0.001714795675604506,0.021363573012138724,0.004295745984663965,0.0,7.167431192660551e-05,182.35985157467903,0.1968128274760607,0.1968128274760607,nan,nan,nan,nan,0.001,143.4938351989258,8330.564340924378,16903.03173828125,0,15,42,
58,12862,0.803333,1.0,0.999920442700386,0.1784594303697621,0.8329137298492116,0.5377531466544221,0.007956460959901776,0.007008319844517412,0.0020174279611679478,0.0036702588907605326,0.005250652795422549,0.009667189735192976,0.012912162451432386,0.019951578829898883,0.0017629807645305746,0.02140852227730147,0.004337262234612103,0.0,0.00014334862385321102,182.74245652365028,0.18361199870178596,0.18361199870178596,nan,nan,nan,nan,0.001,143.5628947550431,8474.127235679422,16903.03173828125,0,15,43,
59,13080,0.8,1.0,0.9999199103598201,0.17487465380050174,0.8333118276311717,0.5422378445573903,0.008009456999497403,0.007060211068531925,0.002010869177407051,0.0037536082809060435,0.005287411916411456,0.009680942880041008,0.013039422054869045,0.020083404447319448,0.0017327632781875388,0.02152998216125533,0.0043653957027762515,0.0,0.0,179.07164587668322,0.18794237881912054,0.18794237881912054,18.031163092311782,0.5748508995892694,0.8595186471939087,0.9507829977628636,0.001,143.88926024897955,8618.016495928401,16903.03173828125,0,15,44,
60,13298,0.796667,1.0,0.9999201538365915,0.1754714277051731,0.8328438064920793,0.5371508955818798,0.007985195452603726,0.007046612318169428,0.002016887051926994,0.003783913247272321,0.0052698940089946494,0.009614756095881036,0.01288015053205944,0.0201095485047292,0.0017518046532615798,0.02163788117895569,0.004340867743156679,0.0,0.0,179.68274272253754,0.1928470699210461,0.1928470699210461,nan,nan,nan,nan,0.001,143.45510196313262,8761.471597891534,16903.03173828125,0,15,45,
61,13516,0.793333,1.0,0.9999198729018552,0.17606846497761547,0.8341056811153342,0.5342555088460992,0.008013313227128067,0.007002372628957922,0.001980381294133872,0.003696284352197235,0.005234486287792957,0.00967576426300092,0.0130831853362706,0.020612338228886008,0.0017135650216689368,0.022197343757239366,0.00447540911429331,0.0,0.0,180.29410925698937,0.20965516824476177,0.20965516824476177,nan,nan,nan,nan,0.001,143.378866545856,8904.85046443739,16903.03173828125,0,15,46,
62,13734,0.79,1.0,0.9999203977234866,0.17530661213015197,0.8335058369220943,0.5379489922742231,0.007960682022470742,0.007053076652724535,0.0020216966851976477,0.003700653991422727,0.005256211305562612,0.009682503437042373,0.012839106541690886,0.019748333867195003,0.001760192411960265,0.021229519453241464,0.004289980601826939,0.0,0.0,179.51397052379923,0.1890730511917544,0.1890730511917544,nan,nan,nan,nan,0.001,143.3560857649427,9048.206550202332,16903.03173828125,0,15,47,
63,13952,0.786667,1.0,0.9999200853459332,0.17516202494980546,0.8326340511851354,0.5238993875340584,0.007991961319930851,0.007081944509323926,0.0020192901026740576,0.003777616500316205,0.005284270084219549,0.00965522988186722,0.012920320365116547,0.01977222290214732,0.001762213441890391,0.02116210981690829,0.004282829150399449,0.0,7.167431192660551e-05,179.36591384607718,0.18272835830807896,0.18272835830807896,nan,nan,nan,nan,0.001,143.490089392988,9191.69663959532,16903.03173828125,0,15,48,
64,14170,0.783333,1.0,0.999919146572778,0.17657863283786204,0.8335670782338589,0.5328436568379402,0.008085896231131543,0.007125609981562566,0.0019754352302497695,0.003744280034112274,0.005304596315825853,0.009757595310850633,0.013040531501430301,0.020661397119385933,0.0016810116256304713,0.022248482605049368,0.004482563661941148,0.0,0.0,180.81651974599296,0.21627313738884807,0.21627313738884807,15.612784546340745,0.5978698737565844,0.8715022802352905,0.9664429530201343,0.001,144.0652793990448,9335.761918994365,16903.03173828125,0,15,49,
65,14388,0.78,1.0,0.9999199418026373,0.17403533436152913,0.8328859520341279,0.5316316064344634,0.008006570343816773,0.007087627158782214,0.002062715056452178,0.0036909361959994694,0.00527219474796257,0.00968575705197392,0.01294342089025731,0.02010463579096447,0.001817496699321622,0.02162183544581431,0.004361284046579118,0.0,0.0,178.21218198373776,0.1939454340465716,0.1939454340465716,nan,nan,nan,nan,0.001,143.43303215294145,9479.194951147307,16903.03173828125,0,15,50,
66,14606,0.776667,1.0,0.9999191483499807,0.17343746446961655,0.8332151620213045,0.5195233690629312,0.008085766355421633,0.007158496815480565,0.0020256488961931276,0.0037315624179703037,0.005321932613204549,0.00977760312091901,0.013101186599035601,0.02047041891604115,0.001765104619778934,0.022072117974332305,0.0044396551771285955,0.0,0.0,177.59996377437486,0.20255164820025653,0.20255164820025653,nan,nan,nan,nan,0.001,143.5600774048362,9622.755028552143,16903.03173828125,0,15,51,
67,14824,0.773333,1.0,0.9999193618877218,0.17207576560044507,0.8338064637479432,0.5329828641009987,0.00806428904435811,0.007107526282865315,0.002071831719933821,0.0037855403137354846,0.005324750483984452,0.009742782959594912,0.013067321687372863,0.02023221076671205,0.0018123282133849924,0.02179522568001113,0.004384699665808863,0.0,0.0,176.20558465730159,0.18330182416066462,0.18330182416066462,nan,nan,nan,nan,0.001,143.6312827889342,9766.386311341077,16903.03173828125,0,15,52,
68,15042,0.77,1.0,0.999919648427482,0.17685797516632518,0.8335903847436292,0.5357470275201929,0.008035709642497566,0.007071416406388129,0.0019780027610944036,0.003659454194899358,0.005259666165738546,0.009744436912657266,0.013168978470659584,0.020268537206660716,0.0017272437638760686,0.021705670181849816,0.004436151753072926,0.0,0.0,181.10256665781003,0.19490236104536013,0.19490236104536013,nan,nan,nan,nan,0.001,143.65393429319374,9910.04024563427,16903.03173828125,0,15,53,
69,15260,0.766667,1.0,0.9999192161570996,0.1730350983252219,0.8333805512397661,0.5367980206368166,0.008078798225551092,0.007092235980495605,0.0020331038322183304,0.003727122674826447,0.005274179275681632,0.009732340545812195,0.013271535573732278,0.02061242873165244,0.0017764197188934712,0.02218284433357281,0.004482702074418647,0.0,0.0,177.18794066752864,0.17810314817141631,0.17810314817141631,15.954225678002409,0.5764633024944082,0.8523218631744385,0.9463087248322147,0.001,143.93875985988416,10053.979005494155,16903.03173828125,0,15,54,
70,15478,0.763333,1.0,0.9999184958431699,0.17318045282992747,0.8331823748186094,0.5277876821816514,0.008150916075581736,0.007157876119957468,0.0020185764601967863,0.003758574381509129,0.00532378020873635,0.009819481068999943,0.013304159322907344,0.020833057357818572,0.0017430277988117044,0.022382398887853556,0.004522138703486309,0.0,7.167431192660551e-05,177.3367834703638,0.1853743339637599,0.1853743339637599,nan,nan,nan,nan,0.001,143.74581919494085,10197.724824689096,16903.03173828125,0,15,55,
71,15696,0.76,1.0,0.9999178377313351,0.17503333209646404,0.8342766552616697,0.5309750969530246,0.008216829465300597,0.007185700217073937,0.0020341188659535833,0.0037940418328491782,0.005382429547244768,0.00987459059031424,0.013391980993211133,0.021197355004164194,0.0017663588862829583,0.022906885104288066,0.004598996319504745,0.0,7.167431192660551e-05,179.23413117435,0.18929744624161382,0.18929744624161382,nan,nan,nan,nan,0.001,143.4674578141421,10341.192282503238,16903.03173828125,0,15,56,
72,15914,0.756667,1.0,0.9999183015812427,0.17502395249903202,0.834366450752687,0.5300356619948641,0.008170365323867956,0.007174775950661903,0.0019425590036099417,0.0037169254589462736,0.005303055070951547,0.009844915567546946,0.013359837806484568,0.02125842321595741,0.0016782842672960255,0.022846095996626882,0.0046249695673345696,0.0,0.0,179.2245278314713,0.19155948697222902,0.19155948697222902,nan,nan,nan,nan,0.001,143.57209307700396,10484.764375580242,16903.03173828125,0,15,57,
73,16132,0.753333,1.0,0.9999180056086374,0.17480323200515652,0.8348912763486215,0.5316856539030688,0.008199924905357215,0.0072017315221916236,0.0019932984015471815,0.003767111817419683,0.0053558783122945,0.009935549719882872,0.01343462399395029,0.020922173728841708,0.0017223278525615978,0.02248328512773738,0.004555988437367962,0.0,0.0,178.9985091883108,0.18538667933042074,0.18538667933042074,nan,nan,nan,nan,0.001,143.80373739404604,10628.568112974288,16903.03173828125,0,15,58,
74,16350,0.75,1.0,0.9999176202290648,0.1730439811603192,0.8344319263182649,0.5259220944632084,0.008238596169901755,0.007237192136534584,0.001968855339937113,0.0037733338564450622,0.0053347515400473475,0.009949357937722373,0.01347143088740835,0.021248525143131067,0.001700002518158092,0.022868681632819663,0.004632789205862294,0.0,0.0,177.19703567574877,0.19832828267091254,0.19832828267091254,16.176754674875873,0.5883136853068341,0.8627381920814514,0.9194630872483222,0.001,144.25004166387953,10772.818154638167,16903.03173828125,0,15,59,
75,16568,0.746667,1.0,0.9999180177756406,0.17357118115034126,0.8348208365090396,0.5353872720664794,0.008198558884766807,0.007204284838084644,0.0020400855988688626,0.0037728942748599197,0.005375862907652461,0.009842796533137833,0.013425354798828516,0.020916012190538673,0.001768284697441273,0.022465083624210652,0.004547644787843963,0.0,0.0,177.73688983042305,0.18651339049087912,0.18651339049087912,nan,nan,nan,nan,0.001,143.4318695710972,10916.250024209265,16903.03173828125,0,15,60,
76,16786,0.743333,1.0,0.9999191006389233,0.177564648142375,0.8341450568186034,0.5393781621658474,0.008090528030452583,0.007126322093018151,0.0019408825765163083,0.003669301612375287,0.00526258971332786,0.00980068784988904,0.013259879896553969,0.020737797171390113,0.0016914574620503517,0.022344497824942165,0.0045246404190889536,0.0,0.0,181.82619913783643,0.21139680543810685,0.21139680543810685,nan,nan,nan,nan,0.001,143.54664707090706,11059.796671280172,16903.03173828125,0,15,61,
77,17004,0.74,1.0,0.9999174791465112,0.17468467465849644,0.8344684965019926,0.5370705427789907,0.008252839539670001,0.007178182113454293,0.001978476854081804,0.003754051961325143,0.005350202075291186,0.00998911556762156,0.013602971039507368,0.02126736721929607,0.0017055050357991997,0.02280421515097927,0.004661349412011102,0.0,0.0,178.87710587037813,0.18125146994685093,0.18125146994685093,nan,nan,nan,nan,0.001,143.61208447092213,11203.408755751094,16903.03173828125,0,15,62,
78,17222,0.736667,1.0,0.9999180549601896,0.17488735328095223,0.8338449266525584,0.5405399367349957,0.008195108003538409,0.007162453707119603,0.0020269690548206484,0.0037446695010374307,0.005305956126887078,0.00982420194847082,0.013429360301874646,0.02146030011065646,0.0017475509468918354,0.02313620235702587,0.00466509854822599,0.0,7.167431192660551e-05,179.08464898975618,0.19882325926560096,0.19882325926560096,nan,nan,nan,nan,0.001,143.28915618080646,11346.6979119319,16903.03173828125,0,15,63,
79,17440,0.733333,1.0,0.9999176308922811,0.17364851334089532,0.8345045042694161,0.5283029620800543,0.008237405705752723,0.007239545606837155,0.001981591035698972,0.003746563757752675,0.005350929221945789,0.009997347366585986,0.01339539617872498,0.02129448903083733,0.001714952597717665,0.022972584937041234,0.004639843406172794,0.0,0.0,177.81607802854765,0.1851794354479256,0.1851794354479256,15.611197253147695,0.5630928402550412,0.8967398405075073,0.9194630872483222,0.001,143.97253854107112,11490.670450472971,16903.03173828125,0,15,64,
80,17658,0.73,1.0,0.9999171334122299,0.17149101221643456,0.8353275636193949,0.5338573634214357,0.00828704493197211,0.007243576888934872,0.0020509234993302565,0.0038073376689422363,0.005391460017796708,0.009973366963762552,0.013631473017702683,0.021460116108230086,0.0017971629535034673,0.02320393678997088,0.004675834085108763,0.0,0.0,175.60679824199153,0.2021820528200514,0.2021820528200514,nan,nan,nan,nan,0.001,143.59132849192247,11634.261778964894,16903.03173828125,0,15,65,
81,17876,0.726667,1.0,0.9999171358729722,0.17512585202214914,0.8346311069956613,0.5363036410524211,0.008287011529318988,0.007257595111470704,0.001997517088883121,0.003754568359667196,0.005360343300207697,0.010009312641234436,0.013625880493996066,0.021249334409046885,0.0017329464063809068,0.02277467409661467,0.004664652246593096,0.0,7.167431192660551e-05,179.32887208571128,0.19022656577638458,0.19022656577638458,nan,nan,nan,nan,0.001,143.5875888268929,11777.849367791787,16903.03173828125,0,15,66,
82,18094,0.723333,1.0,0.9999175402549428,0.17458792270050136,0.834310732850241,0.5344400460566949,0.008246439902128977,0.007212340808259921,0.001986104796425367,0.003695959031449443,0.005268135967818217,0.010008319851369896,0.013559129971310223,0.021386161495700752,0.0017306433905889557,0.022945852153464605,0.0046863609640816345,0.0,0.0,178.77803246034395,0.19201215914887837,0.19201215914887837,nan,nan,nan,nan,0.001,143.42329168086872,11921.272659472656,16903.03173828125,0,15,67,
83,18312,0.72,1.0,0.9999178740956368,0.17385846560974733,0.8342866196271477,0.5387326883613517,0.008213015783731953,0.007179738208224331,0.0019857172822604304,0.0037379599026288973,0.0053123949435240495,0.00996184810449224,0.013661328579273518,0.020986601090861843,0.0017110218394326352,0.022538205111023345,0.004614089127019082,0.0,7.167431192660551e-05,178.03106880187988,0.19082285686141615,0.19082285686141615,nan,nan,nan,nan,0.001,143.18140087998472,12064.45406035264,16903.03173828125,0,15,68,
84,18530,0.716667,1.0,0.9999176493478478,0.1755561856638401,0.8350041577028572,0.5329834662993019,0.008235509665426584,0.007206681112912612,0.0019587525512346007,0.003700502063820583,0.005360315236104908,0.009933710668594876,0.013497541917043679,0.02160179019700565,0.0016975424182627975,0.023307967847725805,0.004703029807029002,0.0,0.0,179.76953431225698,0.18699957998214203,0.18699957998214203,16.321688221122272,0.5249414462692422,0.7583281397819519,0.8963460104399702,0.001,144.04684940795414,12208.500909760594,16903.03173828125,0,15,69,
85,18748,0.713333,1.0,0.9999174799667586,0.17572242148015477,0.8346431543794247,0.5241743500489707,0.008252426842013973,0.007226377727737258,0.001958300358412356,0.0037088958322766897,0.005324086662992801,0.009954775009654599,0.013535143907925267,0.021608431466829475,0.0016975413572329278,0.023295812434815894,0.0047140727172084495,0.0,7.167431192660551e-05,179.93976034811877,0.18128701200285494,0.18128701200285494,nan,nan,nan,nan,0.001,143.23902054014616,12351.73993030074,16903.03173828125,0,15,70,
86,18966,0.71,1.0,0.9999179119637253,0.17800280289433965,0.8346298767612614,0.5297793573742613,0.00820917626757414,0.007181158516803807,0.0018853643684009296,0.003650429225772397,0.005299954558722675,0.009906163329147486,0.013552229603701229,0.021336262392033952,0.0016075499845952235,0.022880667070815458,0.004678044293541461,0.0,7.167431192660551e-05,182.27486979633295,0.20142863145234782,0.20142863145234782,nan,nan,nan,nan,0.001,143.2175963600166,12494.957526660757,16903.03173828125,0,15,71,
87,19184,0.706667,1.0,0.9999165767376575,0.1718604116606603,0.8351494560547925,0.5354738972329218,0.00834289268556333,0.00727905935518136,0.0020024665116563168,0.0037503411083956413,0.005372618542398847,0.01006109618214429,0.01377127692103386,0.02171671340549621,0.001744824266473046,0.023308111311987453,0.004762661872418819,0.0,0.0,175.9850614530231,0.19808456688216838,0.19808456688216838,nan,nan,nan,nan,0.001,143.47474239696749,12638.432269057725,16903.03173828125,0,15,72,
88,19402,0.703333,1.0,0.9999171854979402,0.1738697539058027,0.8342961932814449,0.5330026396507517,0.008282017290652003,0.007205396167583627,0.001974437773626067,0.0037184260492405317,0.005363758241142565,0.010041627389968399,0.013585723740040162,0.021590158774799438,0.001724535242328367,0.02323854680455059,0.004725050835853118,0.0,0.0,178.04262777206,0.18764212507026634,0.18764212507026634,nan,nan,nan,nan,0.001,143.55371918994933,12781.985988247674,16903.03173828125,0,15,73,
89,19620,0.7,1.0,0.9999172045003384,0.1770284219619331,0.8354282081127167,0.5272168651770014,0.008279964941929719,0.007219598585859351,0.0019309095633958484,0.0036962665953895572,0.005342055481662034,0.009954011557974058,0.013659828370266141,0.021822647789681175,0.0016783554423321413,0.02346197408709436,0.004784117189530762,0.0,0.00014334862385321102,181.27710447398894,0.2005757434436908,0.2005757434436908,16.15746215314055,0.5389859579999025,0.7758704423904419,0.906785980611484,0.001,143.76916412706487,12925.755152374739,16903.03173828125,0,15,74,
90,19838,0.696667,1.0,0.999916380288404,0.1743219954158188,0.8354168833669172,0.5323274657130241,0.00836245986150253,0.007272580231608259,0.0019351370425917818,0.0037602103636236945,0.005368825541104301,0.010072869592594035,0.013814247439726503,0.02203836318942795,0.0016743802962666634,0.02365972496432449,0.004838982906722284,0.0,0.0,178.5057227458429,0.1831137706928291,0.1831137706928291,nan,nan,nan,nan,0.001,143.48662644880824,13069.241778823547,16903.03173828125,0,15,75,
91,20056,0.693333,1.0,0.9999174028635025,0.18043703312447312,0.8352658465641354,0.5372492289597836,0.008260016218511336,0.007236582776018923,0.0018233233403816068,0.003605754120027595,0.005257982281656133,0.009987952018908541,0.013728251872977259,0.021620343033429405,0.0015591378836388435,0.023221463449897433,0.004783730261314045,0.0,0.0,184.76752069455767,0.18071387498701283,0.18071387498701283,nan,nan,nan,nan,0.001,143.60163954109885,13212.843418364646,16903.03173828125,0,15,76,
92,20274,0.69,1.0,0.9999164264956746,0.17635777568735114,0.8348847536045477,0.5331973294052509,0.008357585593630824,0.007291546691670467,0.001954516001756478,0.003752284000548662,0.005364769840091809,0.01011542024714616,0.013836738933304992,0.021966229477008686,0.0016701954052865788,0.023674999165066747,0.004812981790239247,0.0,7.167431192660551e-05,180.5903626538198,0.18130295905823943,0.18130295905823943,nan,nan,nan,nan,0.001,143.6395791331306,13356.482997497777,16903.03173828125,0,15,77,
93,20492,0.686667,1.0,0.9999162960763371,0.1751636029520166,0.8352735080850233,0.5256440410510116,0.008370981742884247,0.007274180602649688,0.0019637523212314182,0.0037197200899170457,0.005378115984158369,0.010120889704905177,0.01389166698662923,0.0217410185109448,0.0017040781553945752,0.02324343835422342,0.004808740827058434,0.0,0.0,179.36752965034694,0.20709236426020386,0.20709236426020386,nan,nan,nan,nan,0.001,143.56307846284471,13500.046075960621,16903.03173828125,0,15,78,
94,20710,0.683333,1.0,0.9999167535009734,0.1776236464192561,0.8350076639870985,0.5357933557771761,0.008325246373114577,0.007226332277700373,0.001901318439428797,0.0036834590000830968,0.005349455177014984,0.010042914112500094,0.013913469348495843,0.02174220752791254,0.0016186851139662044,0.023374132192565487,0.004805410969169349,0.0,0.0,181.88661410830437,0.19367201174391147,0.19367201174391147,17.104685182017715,0.5632576637673838,0.8665245175361633,0.9134973900074571,0.001,144.00658337282948,13644.05265933345,16903.03173828125,0,15,79,
95,20928,0.68,1.0,0.9999157720749531,0.17151384399093073,0.8348535277427883,0.5339475499654035,0.008423308668863198,0.007256128907485634,0.0020070233459182837,0.0038309848617437644,0.005416636081805469,0.01018514239160908,0.014012666423420568,0.022183120927833224,0.0017298335932278493,0.023947665066278857,0.004865983175861418,0.0,0.0,175.63017664918112,0.1918769054325622,0.1918769054325622,nan,nan,nan,nan,0.001,143.35471477615647,13787.407374109607,16903.03173828125,0,15,80,
96,21146,0.676667,1.0,0.9999155465069167,0.17822024807197237,0.8358847658841981,0.5320261468034272,0.008445477304305164,0.0073043045837756825,0.0018846106494151038,0.0037132714714303854,0.005367604578811026,0.01023232059044883,0.014026081866644528,0.0224629974296026,0.0016078183658181,0.02424865836969688,0.0049532177674353394,0.0,0.0,182.4975336932261,0.18211895119230848,0.18211895119230848,nan,nan,nan,nan,0.001,143.5521025408525,13930.95947665046,16903.03173828125,0,15,81,
97,21364,0.673333,1.0,0.9999159202663177,0.1746398734116773,0.8355460268094999,0.5269346501028865,0.008408632480812797,0.00729448088431953,0.0019677860687106075,0.0037192477008387652,0.005370731785393602,0.010135643380702636,0.01404970911023882,0.022222621966614772,0.0017215377737798967,0.023927613939030454,0.004897268508761745,0.0,0.0,178.83123016357422,0.1938501428401017,0.1938501428401017,nan,nan,nan,nan,0.001,143.32341909315437,14074.282895743614,16903.03173828125,0,15,82,
98,21582,0.67,1.0,0.9999162069427858,0.17403378795593158,0.8357737434839984,0.5215592863499572,0.008379738381636593,0.007287239437974101,0.0019326097658491446,0.0037179865199888826,0.005353824352982257,0.01012651418621968,0.013866244067668641,0.022082931964461684,0.0016699504184869327,0.023767874287783142,0.004864778464185843,0.0,0.0,178.21059907685725,0.19652893160701218,0.19652893160701218,nan,nan,nan,nan,0.001,143.4152456179727,14217.698141361587,16903.03173828125,0,15,83,
99,21800,0.666667,1.0,0.9999157452802045,0.1726535545371541,0.8354449620760909,0.5302174063997531,0.008425975395708319,0.007301003034568366,0.0019391245095736406,0.003721080006179272,0.005397538656108252,0.010156412560860157,0.013980423873546748,0.022348208536624635,0.0016624535187767014,0.02400131588331808,0.0049115961162296525,0.0,0.0,176.79724000353332,0.19728998527273364,0.19728998527273364,16.226502650128275,0.5439970672230462,0.848436713218689,0.9500372856077554,0.001,144.19133138097823,14361.889472742565,16903.03173828125,0,15,84,
100,22018,0.663333,1.0,0.9999168461889302,0.17880217758340572,0.8359850557572251,0.5217605359647253,0.008316083222738715,0.007215554461763198,0.0019001291942362965,0.0037173659582366023,0.005363301457858584,0.010066280771610796,0.013722599152936985,0.021826789703715696,0.0016426178755046673,0.023471173682942166,0.004799250434814961,0.0,0.00014334862385321102,183.09342890048245,0.18620857765040072,0.18620857765040072,nan,nan,nan,nan,0.001,143.3805233859457,14505.26999612851,16903.03173828125,0,15,85,
101,22236,0.66,1.0,0.9999155481474116,0.1779320534968048,0.8363104938367091,0.5319032744940267,0.008445964455433668,0.0072307514011808625,0.001882249799756218,0.0036602771169198423,0.005352827114770787,0.010201948196114545,0.014216231126680013,0.022915852435548372,0.0016103959004703104,0.024693946418172998,0.00507691321913751,0.0,0.0,182.2024224482545,0.2041338265508703,0.2041338265508703,nan,nan,nan,nan,0.001,143.37462705094367,14648.644623179454,16903.03173828125,0,15,86,
102,22454,0.656667,1.0,0.9999153441792235,0.1789218237572307,0.8359449816132904,0.5305080133567163,0.008465842041614201,0.0072709319113386335,0.001874785208001246,0.0037303908275218185,0.0053672225726127554,0.01024681460454103,0.014170946506356153,0.022523504370020344,0.0015864358287751344,0.02420037788757627,0.004989781990484976,0.0,0.00014334862385321102,183.21594824484728,0.21401204523703726,0.21401204523703726,nan,nan,nan,nan,0.001,143.31196660292335,14791.956589782378,16903.03173828125,0,15,87,
103,22672,0.653333,1.0,0.9999155924407714,0.17629392880843867,0.8359068592480563,0.5222399391985815,0.008441561266967873,0.0073115662554142265,0.001908902305623179,0.003730712701735266,0.005376798260440076,0.01018505256490594,0.014101840679559413,0.022397725571613382,0.0016298678418341865,0.024096223147620166,0.004941841848023714,0.0,7.167431192660551e-05,180.52498360730092,0.18735651870502718,0.18735651870502718,nan,nan,nan,nan,0.001,143.5635698880069,14935.520159670385,16903.03173828125,0,15,88,
104,22890,0.65,1.0,0.9999157951785884,0.17403131663594223,0.8355739770132468,0.5213825789476754,0.008421193722874747,0.007286444402496339,0.0019922894162520788,0.0037834597799559595,0.005382601805608036,0.010182093824644427,0.013970441513891341,0.022208381993183438,0.001721344134948428,0.023823113353717902,0.004871606587009385,0.0,7.167431192660551e-05,178.2080679902243,0.20811775033251045,0.20811775033251045,15.723927793051732,0.5447770767954627,0.8013260364532471,0.947054436987323,0.001,143.73427289305255,15079.254432563437,16903.03173828125,0,15,89,
105,23108,0.646667,1.0,0.9999152711772044,0.1762935457187235,0.836212897382745,0.527208691274901,0.008473475819342522,0.007332297090073586,0.0019513792891019033,0.003771740938120291,0.005456130165038545,0.0101571612128424,0.014111996331431587,0.022536695385864433,0.0016882929610951703,0.024217985279926465,0.004957546054389875,0.0,7.167431192660551e-05,180.5245906234881,0.1878896271752294,0.1878896271752294,nan,nan,nan,nan,0.001,143.244281653082,15222.49871421652,16903.03173828125,0,15,90,
106,23326,0.643333,1.0,0.9999161033181969,0.1751233902375359,0.835320766639272,0.5179736669593995,0.008390110489109173,0.007243632925289828,0.0019059281449374068,0.0037380067755493824,0.005371455443326657,0.010121130636559988,0.01390889168016339,0.02229026907952417,0.001629258775744489,0.023983979653225306,0.004896994156297296,0.0,0.0,179.32635186571594,0.1913484499273471,0.1913484499273471,nan,nan,nan,nan,0.001,143.39714827598073,15365.8958624925,16903.03173828125,0,15,91,
107,23544,0.64,1.0,0.9999145139521415,0.17544537483620534,0.8358379009119962,0.5262602610052178,0.008549033638534195,0.007353279323086416,0.0018863034428742399,0.003723110173243619,0.005419539415850005,0.010316532025105157,0.014260038107616502,0.023303808843067618,0.0016036905888524098,0.025179065165853283,0.005134258720459878,0.0,0.0,179.65606484719373,0.20397438161457196,0.20397438161457196,nan,nan,nan,nan,0.001,143.43385991919786,15509.329722411698,16903.03173828125,0,15,92,
108,23762,0.636667,1.0,0.9999157104196899,0.17550430070916448,0.8355136732442663,0.519546772977081,0.008429628088771271,0.0072871527822534424,0.0019169472985812292,0.003781519521299083,0.005411159257306247,0.010151499063161056,0.014013166947358656,0.02250536374850284,0.0016330753276450347,0.024278644878212192,0.004934064491220468,0.0,0.0,179.71640417116498,0.20105362731624135,0.20105362731624135,nan,nan,nan,nan,0.001,143.69206717703491,15653.021789588733,16903.03173828125,0,15,93,
109,23980,0.633333,1.0,0.9999147972109121,0.17403423063320303,0.8359724022106293,0.5281087709676235,0.008521046962614659,0.0072983000865377,0.0019338135758399913,0.003738245588498737,0.005406727635199119,0.010216633759336461,0.014220516977045652,0.023351594666873508,0.0016578267308882835,0.025242570700089728,0.005129993116747964,0.0,0.0,178.2110524133805,0.19712947134939734,0.19712947134939734,17.40850798538277,0.5413733401403356,0.7522955536842346,0.9343773303504848,0.001,143.8293105668854,15796.851100155618,16903.03173828125,0,15,94,
110,24198,0.63,1.0,0.9999144920788774,0.17592019116112945,0.8359642706879782,0.5301535961414696,0.008551390231757878,0.007313491185964726,0.0019291001376711952,0.003764956316979038,0.005384888723193574,0.010279135445320825,0.014331359516641278,0.0235275241798388,0.0016556326979440168,0.025461717028119557,0.005164581521867065,0.0,7.167431192660551e-05,180.1422744191021,0.19066808902379373,0.19066808902379373,nan,nan,nan,nan,0.001,143.52078362205066,15940.371883777669,16903.03173828125,0,15,95,
111,24416,0.626667,1.0,0.9999143982972574,0.17651555692315649,0.8358473557671275,0.528644079257042,0.008560777496580683,0.007380074743446339,0.0018425431795933054,0.0037472416407005743,0.005399160377612901,0.010250605036154253,0.014354982417623658,0.023412858644380755,0.0015644364202755008,0.025390921327191483,0.005163251088052099,0.0,7.167431192660551e-05,180.75193076177476,0.19272810119598655,0.19272810119598655,nan,nan,nan,nan,0.001,143.65214860998094,16084.02403238765,16903.03173828125,0,15,96,
112,24634,0.623333,1.0,0.9999143590620898,0.1744783076910524,0.8360114815311694,0.5228903821302117,0.008564636142232344,0.007332639613855254,0.0019653410054161213,0.0037776389580600205,0.005407329727233379,0.010274796874834857,0.014329723424252566,0.02339431792155865,0.001689899626407327,0.0253137809933599,0.005138237888010543,0.0,0.0,178.66578702314183,0.20857069914901974,0.20857069914901974,nan,nan,nan,nan,0.001,143.5434745219536,16227.567506909603,16903.03173828125,0,15,97,
113,24852,0.62,1.0,0.9999135869358657,0.17570786126846566,0.8369461120268621,0.5302958489147895,0.008641707177974557,0.007387762173685595,0.0018751087676669117,0.0037051013667123616,0.0054457717780194695,0.010427075321786106,0.014528171885587754,0.023759328619226677,0.0016027585110133685,0.02580427671483624,0.0052606634605556315,0.0,0.0,179.92485051636302,0.19706787094210335,0.19706787094210335,nan,nan,nan,nan,0.001,143.44955997215584,16371.01706688176,16903.03173828125,0,15,98,
114,25070,0.616667,1.0,0.9999149771185096,0.18206904508993713,0.8359273223701967,0.5260437320952022,0.008502946822656267,0.007300270053797291,0.0018570159001950358,0.003740294687471293,0.005372902433977488,0.010209540042966399,0.01416233952003403,0.023309310661082012,0.0015539167553478522,0.025217818412417117,0.0051225663756592835,0.0,7.167431192660551e-05,186.43870234708174,0.18819726847448148,0.18819726847448148,16.45751307330742,0.5383355524541191,0.8234027624130249,0.9463087248322147,0.001,143.97582130902447,16514.992888190784,16903.03173828125,0,15,99,
115,25288,0.613333,1.0,0.9999138367012006,0.17618666278249626,0.8365781427523412,0.5170560591948141,0.008616765920465829,0.00740258430489638,0.0019127165255793093,0.0037563326568321384,0.005421894604613612,0.010401856867647772,0.014504747875376579,0.023230305471278113,0.0016344954009073595,0.024983568572003498,0.005148275270459986,0.0,0.00021502293577981653,180.41514216431784,0.18952261187155936,0.18952261187155936,nan,nan,nan,nan,0.001,143.4089611750096,16658.401849365793,16903.03173828125,0,15,100,
116,25506,0.61,1.0,0.9999140208467431,0.173464333433487,0.8362792683850735,0.5250186617358015,0.00859811711936779,0.007356572310961441,0.0019472559985150412,0.0037205252731528663,0.005402910969553328,0.010324529356135209,0.014475891349512503,0.023527935516824007,0.0016734889811791326,0.02542572979037778,0.005209221699010205,0.0,0.0,177.62747757587957,0.19055657797253417,0.19055657797253417,nan,nan,nan,nan,0.001,143.1976743019186,16801.59952366771,16903.03173828125,0,15,101,
117,25724,0.606667,1.0,0.9999139477080161,0.1754788809515741,0.8364795566698827,0.523931321884514,0.008605800261464687,0.0073630222281731595,0.0019552244831767328,0.0037537248337367944,0.0054180351776976585,0.010309701296287256,0.014387774101774628,0.023788076791262956,0.0016773546494983048,0.025727219522905048,0.005224768266214245,0.0,0.00014334862385321102,179.69037386692992,0.20929897840404066,0.20929897840404066,nan,nan,nan,nan,0.001,143.42877336894162,16945.028297036653,16903.03173828125,0,15,102,
118,25942,0.603333,1.0,0.9999145094407808,0.17537158232079733,0.8363358337397969,0.5189893016711288,0.008549582576293737,0.007384830925596554,0.0019578495684481403,0.0037778836833590795,0.0054401972265956805,0.010247471499889063,0.014283898831216977,0.02299017241489518,0.001684771010699178,0.02468736692109581,0.005062971451563265,0.0,0.0,179.58049982403398,0.20794495085137382,0.20794495085137382,nan,nan,nan,nan,0.001,143.36969586391933,17088.397992900573,16903.03173828125,0,15,103,
119,26160,0.6,1.0,0.999913458293731,0.17459433888076642,0.8366672533367752,0.5221734457743277,0.008654565819530585,0.007370498392372093,0.001925696170816215,0.0037281387394781165,0.005416703125282507,0.010408238825012305,0.014557119533675937,0.024259735161541115,0.0016563517802676354,0.026449057027919713,0.005334619499973679,0.0,0.0,178.78460273392704,0.1926680197502848,0.1926680197502848,17.33365548537632,0.5312910201643065,0.7778031229972839,0.9351230425055929,0.001,144.13297306303866,17232.53096596361,16903.03173828125,0,15,104,
120,26378,0.596667,1.0,0.999914376834117,0.1748895487243976,0.8363454587962649,0.5206949445632619,0.008562818758078603,0.007326937702467341,0.0019083413223489273,0.003745031628785484,0.005425810545294144,0.0102617520702268,0.01428508630594871,0.023781713119648194,0.0016306244361749956,0.025901280181191928,0.0052303701779087405,0.0,7.167431192660551e-05,179.08689840124288,0.19222590738658774,0.19222590738658774,nan,nan,nan,nan,0.001,143.47975127678365,17376.010717240395,16903.03173828125,0,15,105,
121,26596,0.593333,1.0,0.9999135035440463,0.175757956750896,0.8368735634679094,0.5165866330402706,0.008650327829746614,0.007394269499671432,0.0018867142338288624,0.0037466311566168526,0.0054147766962852496,0.010361056206662446,0.014673967489015755,0.02401563650800274,0.001626724413854557,0.02603636358633911,0.005319629597195655,0.0,0.0,179.97614748543555,0.20613244159771318,0.20613244159771318,nan,nan,nan,nan,0.001,143.39189932099544,17519.40261656139,16903.03173828125,0,15,106,
122,26814,0.59,1.0,0.9999130834406669,0.17540421319800778,0.8373350144252865,0.5172085283546273,0.008692007566323726,0.007375616353825418,0.0018806560816101243,0.003744960133757425,0.005405978188602203,0.01038547814823687,0.014647419564425945,0.024719236700564896,0.0016005905565697328,0.02687773753145556,0.005438082924629604,0.0,0.0,179.61391566215306,0.2079836813359135,0.2079836813359135,nan,nan,nan,nan,0.001,143.4172575911507,17662.81987415254,16903.03173828125,0,15,107,
123,27032,0.586667,1.0,0.9999133440059259,0.17399823639986164,0.8361129528338757,0.5239327473377963,0.008666254712456684,0.007416221455226592,0.0019678834792311462,0.0037798164660696352,0.005451110508848289,0.010369044338746013,0.014496267916327086,0.02394926146851904,0.001686631269542911,0.02584954876230534,0.005267969239716752,0.0,7.167431192660551e-05,178.1741943359375,0.18698454758269295,0.18698454758269295,nan,nan,nan,nan,0.001,143.44486371497624,17806.264737867517,16903.03173828125,0,15,108,
124,27250,0.583333,1.0,0.9999133468767919,0.17069594445851966,0.83676781102058,0.5207880908332834,0.008665711918008436,0.007382097407329588,0.001942902943066005,0.0038102830083583646,0.005473292896784671,0.010318756212454733,0.014615607580358009,0.024057392216791665,0.00166312666634448,0.02606427602880045,0.005292564706338586,0.0,0.0,174.79264667056023,0.2061223547665236,0.2061223547665236,17.578685578578344,0.5470607670963393,0.8159584403038025,0.9448173005219985,0.001,143.85207642195746,17950.116814289475,16903.03173828125,0,15,109,
125,27468,0.58,1.0,0.9999133107859061,0.17861335676744444,0.837216579585994,0.5270037955237091,0.008669550086311791,0.00736134148677042,0.0018788320667226799,0.0037097923108910576,0.005415270929523838,0.010340373065972,0.014592790472056342,0.02466847375248892,0.0016149689879366132,0.02688629452967931,0.005452013805769213,0.0,7.167431192660551e-05,182.9000785372673,0.20397904360128333,0.20397904360128333,nan,nan,nan,nan,0.001,143.42473115911707,18093.541545448592,16903.03173828125,0,15,110,
126,27686,0.576667,1.0,0.9999124184934371,0.17266059613897713,0.8366899480786892,0.5198319539974589,0.00875876772798461,0.007451072939748474,0.0019349734825690901,0.003817195135516909,0.005474162502684246,0.010512110875458072,0.014774949811057213,0.02439221265777057,0.0016586446074660496,0.026370143028693872,0.005387074864894544,0.0,0.0,176.8044509712709,0.18637841997732377,0.18637841997732377,nan,nan,nan,nan,0.001,143.52493385598063,18237.066479304573,16903.03173828125,0,15,111,
127,27904,0.573333,1.0,0.9999134588405627,0.17429927302473183,0.836999681701354,0.5221490166876295,0.008654624063504535,0.007375557634577907,0.001928588425713365,0.003769615660272026,0.0054350579018627694,0.010307643961998712,0.014567320687918488,0.024192737342806858,0.0016478932931531412,0.02621955722314092,0.0053328305991246884,0.0,0.0,178.48245613728093,0.19024227080647657,0.19024227080647657,nan,nan,nan,nan,0.001,143.55106213898398,18380.617541443557,16903.03173828125,0,15,112,
128,28122,0.57,1.0,0.9999123353750334,0.17517602749578998,0.8367874672926894,0.5181313241840503,0.008766960708313374,0.007441879313122994,0.001917712449231249,0.0037612960566531595,0.005468981414755653,0.010472010581865223,0.01493582042967986,0.024379234728958765,0.0016390487649881199,0.026227201856330994,0.005432108642507789,0.0,7.167431192660551e-05,179.38025238317087,0.1941872508759972,0.1941872508759972,nan,nan,nan,nan,0.001,143.72087792307138,18524.338419366628,16903.03173828125,0,15,113,
129,28340,0.566667,1.0,0.9999126619702086,0.17863675688794994,0.836175993905155,0.5163730967345588,0.008734511691060156,0.007413930596074585,0.001854033055720603,0.0037264268932898246,0.005436838249923712,0.010446017367739674,0.014859373698335721,0.02459390327300227,0.0015797238978714823,0.02672143805977128,0.005456479325027573,0.0,7.167431192660551e-05,182.92403942073156,0.18699337256649076,0.18699337256649076,17.844109362486197,0.4785760733094465,0.7226202487945557,0.8985831469052945,0.001,144.08129035192542,18668.419709718553,16903.03173828125,0,15,114,
130,28558,0.563333,1.0,0.9999122992841476,0.17459095139569097,0.8364932638242704,0.5187038989788896,0.008770628221367203,0.007430139407857295,0.0019190273303196792,0.0037784586271266836,0.005469148284905172,0.010444223588127473,0.014806291940750196,0.024794667121877365,0.001646232398677032,0.026863210544058488,0.005479421217203858,0.0,0.0,178.78113440417368,0.20250861114014523,0.20250861114014523,nan,nan,nan,nan,0.001,143.46756591415033,18811.887275632704,16903.03173828125,0,15,115,
131,28776,0.56,1.0,0.9999122024949537,0.17094186807922815,0.8374508955609907,0.5247176358595901,0.008780271721653504,0.0074344956959008215,0.001990873773380422,0.003844258596548178,0.005522196861453901,0.010454802736511812,0.014746470601135575,0.02475628327287802,0.0017216203351556633,0.02688482522733783,0.005442719267886303,0.0,0.0,175.04447291312962,0.19784134702804762,0.19784134702804762,nan,nan,nan,nan,0.001,143.48078146995977,18955.368057102663,16903.03173828125,0,15,116,
132,28994,0.556667,1.0,0.9999116887466624,0.17254325116924737,0.837791405276421,0.5181906202790934,0.008831661872762265,0.007517592854362084,0.001904199147481341,0.0038164336578236945,0.005504599765451506,0.010504604916412964,0.01480109574392848,0.025451131880608036,0.0016280940121134269,0.027885027195608945,0.005587752506354773,0.0,0.0,176.6842883048801,0.2062575457342608,0.2062575457342608,nan,nan,nan,nan,0.001,143.42230530199595,19098.79036240466,16903.03173828125,0,15,117,
133,29212,0.553333,1.0,0.9999118117837731,0.1738931272315596,0.8370328388356287,0.5246068707436596,0.00881963942217034,0.0074907070423109,0.0018939461055480866,0.003748286328835994,0.0054826968405053975,0.010599230708759448,0.014805215079798748,0.025255692434932933,0.001627920908353974,0.027594774096366872,0.0055657199630941,0.0,7.167431192660551e-05,178.06656228511704,0.19045094220473321,0.19045094220473321,nan,nan,nan,nan,0.001,143.62885130406357,19242.419213708723,16903.03173828125,0,15,118,
134,29430,0.55,1.0,0.9999124800119925,0.17385891378951182,0.836848017546015,0.5233954087993421,0.008752322576324875,0.0074221732633171274,0.0019175421112535283,0.0037143739069055836,0.0054220375172375195,0.010406134300865233,0.01470516139316723,0.025217410369237903,0.0016657731159968802,0.02745915538366508,0.005565087802263848,0.0,0.0,178.03152766796427,0.18834014077671696,0.18834014077671696,17.615217877197626,0.5034719598490107,0.69144606590271,0.901565995525727,0.001,143.93258980987594,19386.3518035186,16903.03173828125,0,15,119,
135,29648,0.546667,1.0,0.9999113998828678,0.17167039492398228,0.8372898953496863,0.5147595583982424,0.008860460800810828,0.0074581692076433415,0.0020024647509079498,0.0038059905896053025,0.005491678781888593,0.010550493865760915,0.014889261347814164,0.025471517008754913,0.0017309868983270754,0.027782064161921312,0.005625826244695334,0.0,0.0,175.79048392969534,0.18450187890404204,0.18450187890404204,nan,nan,nan,nan,0.001,143.46634075115435,19529.818144269753,16903.03173828125,0,15,120,
136,29866,0.543333,1.0,0.9999114600343442,0.16977942965651324,0.8372233918774019,0.5214648470966095,0.00885432041485136,0.0074578406259315005,0.0019711156380645837,0.0038041027704437493,0.005453612838568456,0.010555500457268378,0.015080632705993335,0.025337671074982082,0.0016790603158286337,0.027574209109751866,0.005606929307542912,0.0,0.0,173.85413624824733,0.20334302447900954,0.20334302447900954,nan,nan,nan,nan,0.001,143.6002757230308,19673.418419992784,16903.03173828125,0,15,121,
137,30084,0.54,1.0,0.9999111227759527,0.1770735191813576,0.8369704651723214,0.5155441266817784,0.008888294753712524,0.007433414988971631,0.001907510727931267,0.0037541919021542532,0.005451623908427775,0.010555689931214881,0.01505038203295628,0.026267698496033293,0.0016432339334391845,0.028791585046404954,0.005814812715921483,0.0,7.167431192660551e-05,181.32328381669632,0.1917804372105764,0.1917804372105764,nan,nan,nan,nan,0.001,143.6119409899693,19817.030360982753,16903.03173828125,0,15,122,
138,30302,0.536667,1.0,0.9999105934429606,0.16985952661056583,0.8371904670098506,0.511271285764668,0.00894097584927745,0.007523070277492387,0.001974155693894376,0.0037912838072879157,0.005494465625849168,0.010605507022957532,0.015167761329185524,0.026262627310042672,0.00170004022685977,0.028779790277481763,0.0058013670639895385,0.0,0.0,173.9361547592583,0.1954461153889788,0.1954461153889788,nan,nan,nan,nan,0.001,143.6228650691919,19960.653226051945,16903.03173828125,0,15,123,
139,30520,0.533333,1.0,0.999911566529799,0.1745778610160865,0.8375254813410821,0.5229940091114526,0.008843752790515849,0.007457152657304814,0.0019468831632274562,0.0037811862720270564,0.00547731088617509,0.010528813951452254,0.014721296349574529,0.025927465814892033,0.0016760494912920602,0.02849013455972554,0.005701356785320634,0.0,7.167431192660551e-05,178.76772994295172,0.18810686919670205,0.18810686919670205,16.295985644418348,0.5129079167731277,0.7707608938217163,0.9403430275913497,0.001,144.06700219213963,20104.720228244085,16903.03173828125,0,15,124,
140,30738,0.53,1.0,0.9999109505239977,0.17130191118345348,0.8368134821226837,0.5283825387238362,0.008905405876090015,0.007441846296028875,0.001932265231032843,0.0037519930794604394,0.005443346340085354,0.010590556544388448,0.015070072725551938,0.026459092966391953,0.0016557956735871588,0.029087066438920593,0.005833048287484316,0.0,0.0,175.4131566493883,0.2027503578824005,0.2027503578824005,nan,nan,nan,nan,0.001,143.30993553996086,20248.030163784046,16903.03173828125,0,15,125,
141,30956,0.526667,1.0,0.9999113781463116,0.1772433712805083,0.8368382276198186,0.5269546814331221,0.008862682075641297,0.007418380761860844,0.0018543531737581895,0.0037555621524123528,0.0054380265400967125,0.010476975368523817,0.01490009795028477,0.02682607340916923,0.0015785817097846596,0.0296288547063366,0.005912440859417884,0.0,7.167431192660551e-05,181.49721213874466,0.20407774620034808,0.20407774620034808,nan,nan,nan,nan,0.001,143.52634486416355,20391.55650864821,16903.03173828125,0,15,126,
142,31174,0.523333,1.0,0.9999113894930673,0.17488303059421548,0.8376736554804198,0.515235993566863,0.008861723762868536,0.007451449245334082,0.0019542562898204113,0.0037547951460593816,0.005433973628245807,0.010534053224079106,0.015015499877803233,0.02586430199487015,0.00168626147472949,0.02828726357643689,0.005715740386956295,0.0,0.00014334862385321102,179.08022320598639,0.19969980887719532,0.19969980887719532,nan,nan,nan,nan,0.001,143.34158291481435,20534.898091563024,16903.03173828125,0,15,127,
143,31392,0.52,1.0,0.9999114687836498,0.17309107050436354,0.8373938182351786,0.5265050924152409,0.008853555440159361,0.007457788751691306,0.0019138734383186019,0.0037591488481341184,0.005444228475584452,0.010537117311662627,0.014898435255392976,0.026085571471362486,0.0016504813699670395,0.02858170047786873,0.005752371909810281,0.0,0.0,177.2452565814377,0.17653950987421602,0.17653950987421602,nan,nan,nan,nan,0.001,143.2686299639754,20678.166721527,16903.03173828125,0,15,128,
144,31610,0.516667,1.0,0.99991091976472,0.178888071448021,0.8377648289870778,0.5323537860851769,0.008908392167265673,0.007440534897721073,0.0017910486183259017,0.0036978016953505234,0.005424902702301501,0.0106120163301399,0.015164039595428547,0.0264740926021317,0.0015148734694884539,0.028948852753933142,0.005875275647075454,0.0,0.0,183.18138556524156,0.1891710715488614,0.1891710715488614,16.031256035051413,0.567703998465795,0.8439602851867676,0.9664429530201343,0.001,143.81578561104834,20821.982507138047,16903.03173828125,0,15,129,
145,31828,0.513333,1.0,0.9999101088134521,0.17465822940367623,0.8366744292711993,0.5243986220944912,0.008989744515312032,0.007488719118254925,0.0018718944220465113,0.0037377770811772197,0.005497663668485,0.010606180291212753,0.01536080479160498,0.027182161504693263,0.0016078363502664607,0.02998299520343132,0.0060138724287202875,0.0,0.0,178.85002643690197,0.20615766851262746,0.20615766851262746,nan,nan,nan,nan,0.001,143.53243820299394,20965.51494534104,16903.03173828125,0,15,130,
146,32046,0.51,1.0,0.9999098709417046,0.1727670110898827,0.837601394008059,0.5211169779163982,0.009013253443558281,0.007558454185886599,0.0018955277927981374,0.0037470178955251675,0.005470643774285878,0.010715751223043975,0.015290855094705015,0.026932398416956358,0.0016159545911909635,0.029449291226086676,0.005989658321070254,0.0,0.0,176.91341914605658,0.21219196928966425,0.21219196928966425,nan,nan,nan,nan,0.001,143.3767574869562,21108.891702827998,16903.03173828125,0,15,131,
147,32264,0.506667,1.0,0.99991066056654,0.17314044756968633,0.8379109665888165,0.5238895706080515,0.008934592907188819,0.007494185332405389,0.0018886740119442122,0.003731005369053316,0.005442082304123003,0.010536861501275262,0.015197078276579396,0.026608666123121703,0.001629086551274501,0.02901650965427382,0.005896222769654433,0.0,0.0,177.29581850384355,0.20040025827034347,0.20040025827034347,nan,nan,nan,nan,0.001,143.53511377307586,21252.426816601073,16903.03173828125,0,15,132,
148,32482,0.503333,1.0,0.9999101927521032,0.17395964522905852,0.8369609446973976,0.5241497845961414,0.008981130093361739,0.007411268631577355,0.0018971735541334956,0.003770180105300056,0.005485265335247536,0.010523955058947274,0.015164687509708312,0.027543530991693977,0.0016139607596081104,0.030272607646728737,0.006079690509001562,0.0,7.167431192660551e-05,178.13467646957537,0.19647779610175986,0.19647779610175986,nan,nan,nan,nan,0.001,143.4425033351872,21395.86931993626,16903.03173828125,0,15,133,
149,32700,0.5,1.0,0.9999096419559707,0.17657299141544813,0.8379821264689121,0.5160316171449258,0.009036266004641053,0.007430424963961432,0.0018474680913674727,0.003803077068152077,0.005482631344070505,0.010582733915375392,0.015265525493839192,0.028303369572129818,0.0015527698772221403,0.031242467721479886,0.006259672320234256,0.0,7.167431192660551e-05,180.81074313942446,0.19721961164374355,0.19721961164374355,18.964353827003077,0.5427941074869466,0.7703356742858887,0.8993288590604027,0.001,144.01699381298386,21539.886313749244,16903.03173828125,0,15,134,
150,32918,0.496667,1.0,0.9999093001862185,0.17424799953031977,0.8381289016763005,0.5259544012743399,0.00907059383382081,0.007508661516796832,0.0018623113381749002,0.0037374676318963082,0.005465380000505904,0.010605185039537968,0.015530081072805124,0.02810411295135839,0.0015807636524737521,0.030998447200778975,0.006230945544052493,0.0,0.00014334862385321102,178.4299520440058,0.20882985738100307,0.20882985738100307,nan,nan,nan,nan,0.001,143.4023021850735,21683.288615934318,16903.03173828125,0,15,135,
151,33136,0.493333,1.0,0.9999095465338558,0.17560782042596865,0.8376362777631218,0.5213323509611121,0.009046029796131776,0.007478571186107028,0.0018645169478686261,0.0037312314422681516,0.00547843664209572,0.010623816208520888,0.015468500165798522,0.027882069829902656,0.0015859992545468674,0.030578192552004797,0.006190705867142442,0.0,0.00014334862385321102,179.82240892112802,0.1947726637378638,0.1947726637378638,nan,nan,nan,nan,0.001,143.4188151571434,21826.70743109146,16903.03173828125,0,15,136,
152,33354,0.49,1.0,0.9999102720426857,0.17491060910626835,0.8376577787716454,0.5239544056971138,0.00897326763642422,0.007421274132249074,0.0019185247653753523,0.003746947660506062,0.005443071391125885,0.010603661357356799,0.015251996194294423,0.02740265799626503,0.0016541631515742624,0.03015488427593757,0.006063032381069941,0.0,7.167431192660551e-05,179.10846318236185,0.19176196324401046,0.19176196324401046,nan,nan,nan,nan,0.001,143.55862392787822,21970.26605501934,16903.03173828125,0,15,137,
153,33572,0.486667,1.0,0.9999102981538948,0.1763289417524677,0.8373237792231621,0.5208816243284339,0.0089705938093125,0.007458092956675575,0.0018132182853851774,0.003699616219318651,0.005450783445875784,0.010594543802269965,0.015236777311122609,0.02753327773465271,0.00154238200688803,0.030511577009146505,0.006101630507955549,0.0,0.0,180.56083640702275,0.1922991489769214,0.1922991489769214,nan,nan,nan,nan,0.001,143.44409033097327,22113.710145350313,16903.03173828125,0,15,138,
154,33790,0.483333,1.0,0.9999090435854886,0.17171271746858544,0.8377257858941315,0.5197546648869821,0.00909590662815907,0.007522700342708567,0.0019034160047565552,0.0037882608036326946,0.005528022702292052,0.010671541262460752,0.015406101848075697,0.02838066135909101,0.0016411385885634728,0.031407772730010636,0.006274963886084018,0.0,0.0,175.83382282782037,0.1981365756550845,0.1981365756550845,17.37430684705527,0.5364361357197852,0.7793290615081787,0.9388516032811335,0.001,143.9944011310581,22257.70454648137,16903.03173828125,0,15,139,
155,34008,0.48,1.0,0.9999093507681418,0.17452828317812277,0.8380345740449537,0.5240129440202625,0.009065431496769258,0.007483220905911417,0.0018495693964039406,0.0037496069997843833,0.0055355118542755825,0.010790652498269642,0.015466817522233505,0.027310059918517912,0.0015626200409381813,0.029915374983529294,0.006053827944374002,0.0,7.167431192660551e-05,178.71696255185188,0.19542952307115394,0.19542952307115394,nan,nan,nan,nan,0.001,143.2368587879464,22400.941405269317,16903.03173828125,0,15,140,
156,34226,0.476667,1.0,0.9999094610914178,0.17849098593680138,0.8375454771956172,0.5326208428505363,0.009054416950809163,0.007515968898003665,0.0018044124405330192,0.003689842549347054,0.005460140090798874,0.010684713900704449,0.01528872832775526,0.02818192854318597,0.001527909983042681,0.031213595604506927,0.00622176880405686,0.0,0.00014334862385321102,182.77476935430406,0.19691614621375694,0.19691614621375694,nan,nan,nan,nan,0.001,143.49602747987956,22544.437432749197,16903.03173828125,0,15,141,
157,34444,0.473333,1.0,0.9999087072840525,0.1728951310345886,0.8378449169867629,0.5167848655116667,0.009129530079491915,0.007497622357006398,0.0019048674199238864,0.0037558542419259154,0.005521263780367108,0.010702371475534565,0.015480841484365113,0.029017779446386414,0.00164786493494146,0.03237183967502702,0.006413847574891539,0.0,7.167431192660551e-05,177.04461339198122,0.21702243622547224,0.21702243622547224,nan,nan,nan,nan,0.001,143.40521699818783,22687.842649747385,16903.03173828125,0,15,142,
158,34662,0.47,1.0,0.9999093759223956,0.1784689744951528,0.8374664879173314,0.523441634115276,0.009062851158637178,0.007412589021633729,0.0018470489300243822,0.0037097732358667658,0.005441137726756171,0.010631427803256233,0.015299564806334333,0.029020385494148104,0.0015822951577278335,0.032228589641067,0.006411170007537093,0.0,7.167431192660551e-05,182.75222955056287,0.19695875113031222,0.19695875113031222,nan,nan,nan,nan,0.001,143.46538060996681,22831.30803035735,16903.03173828125,0,15,143,
159,34880,0.466667,1.0,0.9999083298335382,0.17348501653572834,0.8381145689465584,0.5242439707348107,0.009167342609085074,0.00752066272746669,0.0018734523773923893,0.003811227633252552,0.0055313286699414455,0.01077608008433236,0.015491334967093047,0.028937188769613795,0.0015927715875636123,0.03215732837497436,0.006439427225188344,0.0,0.0,177.64865682759415,0.17560449080536789,0.17560449080536789,17.82817604337641,0.5217991231629415,0.7859679460525513,0.9455630126771066,0.001,143.8120643729344,22975.120094730286,16903.03173828125,0,15,144,
160,35098,0.463333,1.0,0.9999084711895077,0.1724339399589311,0.8377241335057337,0.5288549901558719,0.009153448738405533,0.007559839656379997,0.001973238602325207,0.00377167426738589,0.005532298689396249,0.01068413745047986,0.01565726856068802,0.02865678125377232,0.0017062993933446172,0.03188039680703654,0.006337006470624255,0.0,0.00014334862385321102,176.5723539754885,0.2000035194912308,0.2000035194912308,nan,nan,nan,nan,0.001,143.55137762008235,23118.67147235037,16903.03173828125,0,15,145,
161,35316,0.46,1.0,0.9999078908644685,0.1768218979000225,0.8379286114775807,0.5222914606469486,0.009211533614263417,0.007533444607536385,0.0018204478248929788,0.0037208427060950854,0.0054860939853824675,0.010765937772160823,0.01574369042966549,0.02976119802589742,0.0015421763999406847,0.03305853917605218,0.006586202339657984,0.0,7.167431192660551e-05,181.06562362460915,0.21761379340889178,0.21761379340889178,nan,nan,nan,nan,0.001,143.28410464385524,23261.955576994224,16903.03173828125,0,15,146,
162,35534,0.456667,1.0,0.9999082993476762,0.17364338139465096,0.8377224718211987,0.5213666705226679,0.009170554638113997,0.007492774547453662,0.0018690250659230115,0.003720129401916467,0.005468835224346215,0.010762346770674195,0.015465989159932787,0.029764902666894667,0.0015995539827457865,0.0332790941465646,0.006601361537548722,0.0,7.167431192660551e-05,177.81082268811147,0.20268513043892794,0.20268513043892794,nan,nan,nan,nan,0.001,143.46991264587268,23405.425489640096,16903.03173828125,0,15,147,
163,35752,0.453333,1.0,0.9999082561479796,0.16985903506021982,0.8377776099454373,0.5167304416862103,0.009174788916492066,0.007507537990389819,0.0019572156570491876,0.003814294007222313,0.005509313180991406,0.010693042019997304,0.015529504109925906,0.029372260047105747,0.0016926064422269193,0.03270086222071918,0.0064917448181829865,0.0,0.0,173.93565205915257,0.19687878911957396,0.19687878911957396,nan,nan,nan,nan,0.001,143.32122114277445,23548.74671078287,16903.03173828125,0,15,148,
164,35970,0.45,1.0,0.9999070588601838,0.1709738542761551,0.8382568092794593,0.5172643466690264,0.00929460395447944,0.007591455164493634,0.00194294837701568,0.00382857981651654,0.00558943135734357,0.010875371118170132,0.015870664050853855,0.029531092205674413,0.0016603264891915772,0.032669596574824614,0.006545920980722567,0.0,0.00014334862385321102,175.07722662129532,0.2008740905685487,0.2008740905685487,18.369881883409114,0.49550489889918103,0.821277379989624,0.9821029082774049,0.001,143.89350588596426,23692.640216668835,16903.03173828125,0,15,149,
165,36188,0.446667,1.0,0.9999070882523825,0.17531980338309883,0.8384516719010991,0.5155584789607504,0.009291784891243512,0.007569447013446976,0.0018922017433388488,0.003760869248311992,0.0055126306705535685,0.010737161649767003,0.01574384623181519,0.030681964430804235,0.0016126530554174678,0.034142371081243,0.006793922410397833,0.0,7.167431192660551e-05,179.52747903176405,0.189701801788467,0.189701801788467,nan,nan,nan,nan,0.001,143.3594899759628,23835.999706644798,16903.03173828125,0,15,150,
166,36406,0.443333,1.0,0.9999068208517284,0.17542874919028456,0.8381204412344399,0.5241072826565952,0.009318361717806018,0.007530852409993905,0.0018925619688578731,0.0037361730334408787,0.0055162068258825725,0.010734854162448522,0.015835955954763458,0.03147113473590361,0.0016349575864897407,0.035471610024298,0.00699673709886815,0.0,0.00014334862385321102,179.63903882087916,0.17699270776804837,0.17699270776804837,nan,nan,nan,nan,0.001,143.45412391005084,23979.45383055485,16903.03173828125,0,15,151,
167,36624,0.44,1.0,0.9999073942046647,0.17009829534986698,0.8371031237851589,0.5187109790127212,0.009261219567884135,0.007550405627842822,0.0019796837846574444,0.003730112260609113,0.005433337494342186,0.010826492414023694,0.015767140046975346,0.03004746761497691,0.001722431179637211,0.03345494380502731,0.006657446786940713,0.0,7.167431192660551e-05,174.18065428077628,0.20438502055521196,0.20438502055521196,nan,nan,nan,nan,0.001,143.57967221108265,24123.03350276593,16903.03173828125,0,15,152,
168,36842,0.436667,1.0,0.9999063475689757,0.17331641355375632,0.8383346112496263,0.5166166573079354,0.009365676384239774,0.007575894977230955,0.001901339244929467,0.0037895321267669797,0.00553376225801612,0.010837444839059213,0.01589370991633094,0.031313971601375334,0.001631570843470199,0.03519036020622204,0.006944299602364147,0.0,7.167431192660551e-05,177.47600677910202,0.19358560705769917,0.19358560705769917,nan,nan,nan,nan,0.001,143.4223124210257,24266.455815186957,16903.03173828125,0,15,153,
169,37060,0.433333,1.0,0.9999066971310782,0.1749611895258,0.8385542963349492,0.5210815564208074,0.009330974873625289,0.007551793896576065,0.0018588822437669236,0.0037443943088340207,0.0055029786372377855,0.010907431971495372,0.015974778233420684,0.0306531324803214,0.0015704277240662673,0.03417856683484663,0.00681021489649413,0.0,7.167431192660551e-05,179.1602589668484,0.19282065974886073,0.19282065974886073,16.50247617788346,0.4839039932537539,0.7845191955566406,0.9410887397464579,0.001,144.23900632420555,24410.694821511162,16903.03173828125,0,15,154,
170,37278,0.43,1.0,0.9999067702698051,0.17104521694533323,0.8387729777108639,0.5191454726758353,0.009323285873381233,0.007581206133648958,0.0019215598248918284,0.003774483443863707,0.005514394523951849,0.010776892691047504,0.015975687016280146,0.03084532055926911,0.0016447062773478896,0.03453556218594654,0.006849588024741842,0.0,0.0,175.15030174955317,0.19221018566350617,0.19221018566350617,nan,nan,nan,nan,0.001,143.51436226582155,24554.209183776984,16903.03173828125,0,15,155,
171,37496,0.426667,1.0,0.9999058577445669,0.17048395669446625,0.8377917482765442,0.5194452541000253,0.009414647595845847,0.0076182423012091886,0.0019331095381607856,0.0038270136774538957,0.005577188503710604,0.010862777586342819,0.016112290662414302,0.031226419719841775,0.0016557959305986798,0.03475679123534932,0.0069241737775983065,0.0,0.00014334862385321102,174.57557200510567,0.18399637802664576,0.18399637802664576,nan,nan,nan,nan,0.001,143.44145536096767,24697.65063913795,16903.03173828125,0,15,156,
172,37714,0.423333,1.0,0.9999068797728338,0.17591523220164512,0.8383751916229178,0.5171584918958332,0.009312423623226788,0.007570682194963986,0.0018499993046701868,0.0037739049221940098,0.005514578642259531,0.010818635820573486,0.015657235669621496,0.030791060977675224,0.0015774088079950062,0.03427324612804372,0.006796192884052156,0.0,7.167431192660551e-05,180.13719784447906,0.19199886897975738,0.19199886897975738,nan,nan,nan,nan,0.001,143.50025749695487,24841.150896634907,16903.03173828125,0,15,157,
