epoch,train_loss,train_mae_monitor,val_mae_batchmean,val_mae_window,val_cfm_loss,val_cfm_fixed,selection_metric,diag_hr_abs_err,diag_morph_corr,diag_amp_ratio,lr,epoch_time_s,elapsed_s,peak_mem_MiB,is_best,best_epoch,no_improve,event
0,0.3008794590830803,0.1746347423642874,nan,nan,nan,0.17975878802520595,0.17975878802520595,14.868194262378736,0.5860596628188783,0.9057700037956238,0.001,95.30215334892273,95.30215334892273,20722.427734375,1,0,0,best
1,0.17706182463602585,0.1301669948480346,nan,nan,nan,0.17168770873011183,0.17168770873011183,nan,nan,nan,0.001,86.96050587296486,182.2626592218876,20722.427734375,1,1,0,best
2,0.16198837699537927,0.1232087874954397,nan,nan,nan,0.14652310224788823,0.14652310224788823,nan,nan,nan,0.001,87.03987920610234,269.30253842798993,20722.427734375,1,2,0,best
3,0.1560747348449447,0.12163162431256337,nan,nan,nan,0.14508756166877645,0.14508756166877645,nan,nan,nan,0.001,86.95718970708549,356.2597281350754,20722.427734375,1,3,0,best
4,0.15260187272321094,0.11994639875536615,nan,nan,nan,0.14389323560297096,0.14389323560297096,10.129597411208621,0.6793253243084033,0.8802446126937866,0.001,95.66075920988806,451.9204873449635,20722.427734375,1,4,0,best
5,0.15016045153818347,0.11742644807831808,nan,nan,nan,0.13801084363161337,0.13801084363161337,nan,nan,nan,0.001,86.84511272981763,538.7656000747811,20722.427734375,1,5,0,best
6,0.1509967771104791,0.11877957447008654,nan,nan,nan,0.13462512542738467,0.13462512542738467,nan,nan,nan,0.001,87.0515392459929,625.817139320774,20722.427734375,1,6,0,best
7,0.14155612090094524,0.11551231437108733,nan,nan,nan,0.13936797387533806,0.13936797387533806,nan,nan,nan,0.001,87.04618034209125,712.8633196628653,20722.427734375,0,6,1,
8,0.14279940023340962,0.11424465717917139,nan,nan,nan,0.1434526359979826,0.1434526359979826,nan,nan,nan,0.001,86.94155924790539,799.8048789107706,20722.427734375,0,6,2,
9,0.14216577790000223,0.1147447725588625,nan,nan,nan,0.14041540777037606,0.14041540777037606,8.422123913815737,0.7088911708308018,0.7524049878120422,0.001,95.62444425397553,895.4293231647462,20722.427734375,0,6,3,
10,0.13977000469511205,0.11481936011802066,nan,nan,nan,0.13213607868871097,0.13213607868871097,nan,nan,nan,0.001,87.03932217811234,982.4686453428585,20722.427734375,1,10,0,best
11,0.13691859678788618,0.1136560315435583,nan,nan,nan,0.13916968233991645,0.13916968233991645,nan,nan,nan,0.001,87.04736389708705,1069.5160092399456,20722.427734375,0,10,1,
12,0.13560380617325957,0.11249790581112558,nan,nan,nan,0.12879713774121107,0.12879713774121107,nan,nan,nan,0.001,86.96342649497092,1156.4794357349165,20722.427734375,1,12,0,best
13,0.13712472140111706,0.1126863705502315,nan,nan,nan,0.1303121802317104,0.1303121802317104,nan,nan,nan,0.001,86.99841580400243,1243.477851538919,20722.427734375,0,12,1,
14,0.1359087327325886,0.1128294960680333,nan,nan,nan,0.13724956850237072,0.13724956850237072,9.045844479168927,0.7266458172592266,0.7592055797576904,0.001,95.73944016708992,1339.2172917060088,20722.427734375,0,12,2,
15,0.13303546509282155,0.11265243904834443,nan,nan,nan,0.12562598233336345,0.12562598233336345,nan,nan,nan,0.001,87.06296517397277,1426.2802568799816,20722.427734375,1,15,0,best
16,0.13096376599913293,0.11149563538757237,nan,nan,nan,0.1241451056622451,0.1241451056622451,nan,nan,nan,0.001,87.00320997997187,1513.2834668599535,20722.427734375,1,16,0,best
17,0.13065237033773552,0.11118241646750407,nan,nan,nan,0.12418323756051662,0.12418323756051662,nan,nan,nan,0.001,87.01240937085822,1600.2958762308117,20722.427734375,0,16,1,
18,0.1328095470978455,0.11049421510913156,nan,nan,nan,0.12334656164227263,0.12334656164227263,nan,nan,nan,0.001,86.92905334802344,1687.2249295788351,20722.427734375,1,18,0,best
19,0.13088816936043177,0.11066396175460382,nan,nan,nan,0.12404147526310803,0.12404147526310803,8.277749155994847,0.6880656470636699,0.7344669103622437,0.001,95.7233036858961,1782.9482332647312,20722.427734375,0,18,1,
20,0.13069346673338791,0.11051130319227938,nan,nan,nan,0.12674955098915602,0.12674955098915602,nan,nan,nan,0.001,75.54963658400811,1858.4978698487394,20703.607421875,0,18,2,
21,0.13219555132091046,0.10997091728177938,nan,nan,nan,0.12266298217927765,0.12266298217927765,nan,nan,nan,0.001,87.0314151130151,1945.5292849617545,20722.427734375,1,21,0,best
22,0.12897284782745622,0.11011402590030973,nan,nan,nan,0.12647889165928689,0.12647889165928689,nan,nan,nan,0.001,87.05113378795795,2032.5804187497124,20722.427734375,0,21,1,
23,0.12952191585844214,0.1098059014163234,nan,nan,nan,0.1213413537769053,0.1213413537769053,nan,nan,nan,0.001,86.96713899914175,2119.547557748854,20722.427734375,1,23,0,best
24,0.12782136066393418,0.10910353206775406,nan,nan,nan,0.12306392399134063,0.12306392399134063,5.778285930026204,0.7381743087707949,0.7424355745315552,0.001,95.73035803204402,2215.277915780898,20722.427734375,0,23,1,
25,0.12863556254993785,0.1095819198272445,nan,nan,nan,0.12532216603406354,0.12532216603406354,nan,nan,nan,0.001,86.99537822511047,2302.2732940060087,20722.427734375,0,23,2,
26,0.12809367071498523,0.10981905890459365,nan,nan,nan,0.1246538185577254,0.1246538185577254,nan,nan,nan,0.001,87.17981401504949,2389.453108021058,20722.427734375,0,23,3,
27,0.1247285753149878,0.10901138203387911,nan,nan,nan,0.11815665717405247,0.11815665717405247,nan,nan,nan,0.001,87.05408913595602,2476.507197157014,20722.427734375,1,27,0,best
28,0.12697788246653297,0.10911346579139883,nan,nan,nan,0.11937259530139252,0.11937259530139252,nan,nan,nan,0.001,87.06150401709601,2563.56870117411,20722.427734375,0,27,1,
29,0.1266458363695578,0.10895674479278651,nan,nan,nan,0.11821153866646311,0.11821153866646311,8.181716010003369,0.7226091421952617,0.8569701910018921,0.001,95.56664677709341,2659.1353479512036,20722.427734375,0,27,2,
30,0.12475955428724939,0.1100223397328095,nan,nan,nan,0.11782832424029649,0.11782832424029649,nan,nan,nan,0.001,87.04535073484294,2746.1806986860465,20722.427734375,1,30,0,best
31,0.12408173808997328,0.10802610008554026,nan,nan,nan,0.12172026224385164,0.12172026224385164,nan,nan,nan,0.001,86.982383843977,2833.1630825300235,20722.427734375,0,30,1,
32,0.12744130756367336,0.1091919426552274,nan,nan,nan,0.11745913547206586,0.11745913547206586,nan,nan,nan,0.001,86.901044836035,2920.0641273660585,20722.427734375,1,32,0,best
33,0.12424704114144498,0.10879692594436081,nan,nan,nan,0.11990513464182496,0.11990513464182496,nan,nan,nan,0.001,87.02970583597198,3007.0938332020305,20722.427734375,0,32,1,
34,0.12374231649393386,0.1086609250781211,nan,nan,nan,0.11900627202449103,0.11900627202449103,10.331660554436269,0.6638861723696498,0.9471709728240967,0.001,95.59902004897594,3102.6928532510065,20722.427734375,0,32,2,
35,0.12304532639682293,0.10826616974716836,nan,nan,nan,0.11920596215888721,0.11920596215888721,nan,nan,nan,0.001,87.02342755789869,3189.716280808905,20722.427734375,0,32,3,
36,0.12443110218102282,0.1087090054018931,nan,nan,nan,0.11492030543018049,0.11492030543018049,nan,nan,nan,0.001,87.02354704309255,3276.7398278519977,20722.427734375,1,36,0,best
37,0.12286748625338077,0.10739196369593794,nan,nan,nan,0.1177051690602712,0.1177051690602712,nan,nan,nan,0.001,86.8833745289594,3363.623202380957,20722.427734375,0,36,1,
38,0.12105318768457933,0.10708979148079048,nan,nan,nan,0.11823881907066235,0.11823881907066235,nan,nan,nan,0.001,86.94997864309698,3450.573181024054,20722.427734375,0,36,2,
39,0.12175420820713043,0.10788489011200991,nan,nan,nan,0.11583012536935794,0.11583012536935794,8.048121066493625,0.7040695882177267,0.7856826186180115,0.001,95.63900419487618,3546.2121852189302,20722.427734375,0,36,3,
40,0.12212931622158398,0.10816293761811473,nan,nan,nan,0.11772849737731753,0.11772849737731753,nan,nan,nan,0.001,86.96168742701411,3633.1738726459444,20722.427734375,0,36,4,
41,0.12186891263951369,0.10778444932132471,nan,nan,nan,0.11713971725543235,0.11713971725543235,nan,nan,nan,0.001,75.49234452005476,3708.666217165999,20703.607421875,0,36,5,
42,0.12036846703426404,0.10659147650003434,nan,nan,nan,0.11481354229910055,0.11481354229910055,nan,nan,nan,0.001,87.03742394596338,3795.7036411119625,20722.427734375,1,42,0,best
43,0.12132521976124157,0.10616413127969612,nan,nan,nan,0.11517909712095399,0.11517909712095399,nan,nan,nan,0.001,87.03859027801082,3882.7422313899733,20722.427734375,0,42,1,
44,0.12072187519886277,0.10614450624720617,nan,nan,nan,0.1172931303593725,0.1172931303593725,7.417986659226381,0.7049304386660158,0.7971368432044983,0.001,95.74139033188112,3978.4836217218544,20722.427734375,0,42,2,
45,0.12108481607653877,0.10660191127522425,nan,nan,nan,0.116749169607616,0.116749169607616,nan,nan,nan,0.001,86.94132713321596,4065.4249488550704,20722.427734375,0,42,3,
46,0.12000449811193076,0.10797200111502951,nan,nan,nan,0.11211996647766748,0.11211996647766748,nan,nan,nan,0.001,87.08008486707695,4152.505033722147,20722.427734375,1,46,0,best
47,0.12194274247369984,0.1072856403548609,nan,nan,nan,0.1146588474984528,0.1146588474984528,nan,nan,nan,0.001,87.01912926789373,4239.524162990041,20722.427734375,0,46,1,
48,0.12028577778149735,0.10700136683881283,nan,nan,nan,0.11356020223747944,0.11356020223747944,nan,nan,nan,0.001,86.9920560461469,4326.516219036188,20722.427734375,0,46,2,
49,0.12091431831094351,0.10712984343144026,nan,nan,nan,0.11289560502318756,0.11289560502318756,7.731069706753578,0.7436512208584044,0.7635776996612549,0.001,95.64133702986874,4422.157556066057,20722.427734375,0,46,3,
50,0.11852892776104537,0.10643944083289666,nan,nan,nan,0.11988687255817171,0.11988687255817171,nan,nan,nan,0.001,86.77505140309222,4508.932607469149,20722.427734375,0,46,4,
51,0.11949718503112143,0.10613875395872376,nan,nan,nan,0.11433768691285913,0.11433768691285913,nan,nan,nan,0.001,87.08154905005358,4596.0141565192025,20722.427734375,0,46,5,
52,0.11953147019852292,0.10623248669911514,nan,nan,nan,0.1139160995793626,0.1139160995793626,nan,nan,nan,0.001,87.02568228705786,4683.03983880626,20722.427734375,0,46,6,
53,0.12090369876135479,0.10699998523023996,nan,nan,nan,0.11456107356667991,0.11456107356667991,nan,nan,nan,0.001,87.19938157289289,4770.239220379153,20722.427734375,0,46,7,
54,0.11934547356583855,0.10657775490121409,nan,nan,nan,0.1154377278909973,0.1154377278909973,8.206233179370885,0.7079525407531634,0.8344128131866455,0.001,95.79503040295094,4866.034250782104,20722.427734375,0,46,8,
55,0.11940302726897327,0.1064203605055809,nan,nan,nan,0.11243023816471528,0.11243023816471528,nan,nan,nan,0.001,86.95097208884545,4952.98522287095,20722.427734375,0,46,9,
56,0.11900433054701849,0.1073186950927431,nan,nan,nan,0.11175711239581064,0.11175711239581064,nan,nan,nan,0.001,87.02670795796439,5040.011930828914,20722.427734375,1,56,0,best
57,0.11974590190432288,0.10675856017253615,nan,nan,nan,0.11471589689919309,0.11471589689919309,nan,nan,nan,0.001,86.98469627811573,5126.99662710703,20722.427734375,0,56,1,
58,0.11758889931846749,0.10589963519437746,nan,nan,nan,0.1139825432232853,0.1139825432232853,nan,nan,nan,0.001,87.18191381520592,5214.178540922236,20722.427734375,0,56,2,
59,0.11843243922022256,0.10605546341023663,nan,nan,nan,0.11406805827485365,0.11406805827485365,7.141393980751101,0.7283680843144776,0.733939528465271,0.001,95.7729712089058,5309.9515121311415,20722.427734375,0,56,3,
60,0.12014587091451341,0.10580727864395488,nan,nan,nan,0.11216284840944736,0.11216284840944736,nan,nan,nan,0.001,87.00887416908517,5396.960386300227,20722.427734375,0,56,4,
61,0.11803841049020941,0.1063851755789735,nan,nan,nan,0.11627059168277046,0.11627059168277046,nan,nan,nan,0.001,87.04229906690307,5484.00268536713,20722.427734375,0,56,5,
62,0.11712218328414718,0.10566157167726527,nan,nan,nan,0.11219286867460454,0.11219286867460454,nan,nan,nan,0.001,75.57648563897237,5559.579171006102,20703.607421875,0,56,6,
63,0.11797273257239298,0.10623214031484994,nan,nan,nan,0.11205679227842838,0.11205679227842838,nan,nan,nan,0.001,87.12256133602932,5646.701732342131,20722.427734375,0,56,7,
64,0.11850847154855729,0.10550865168598565,nan,nan,nan,0.11057222800100495,0.11057222800100495,6.6862325949759285,0.7484189685063151,0.7700965404510498,0.001,95.5849150470458,5742.286647389177,20722.427734375,1,64,0,best
65,0.11766411533409898,0.10546363209458914,nan,nan,nan,0.11126349588445188,0.11126349588445188,nan,nan,nan,0.001,86.80697895516641,5829.093626344344,20722.427734375,0,64,1,
66,0.11709338592534715,0.10551622814752838,nan,nan,nan,0.11572297587892338,0.11572297587892338,nan,nan,nan,0.001,86.83634647796862,5915.929972822312,20722.427734375,0,64,2,
67,0.11788123625923287,0.10552370429716328,nan,nan,nan,0.11216421003307031,0.11216421003307031,nan,nan,nan,0.001,87.11766875791363,6003.047641580226,20722.427734375,0,64,3,
68,0.11828936876898462,0.10510470504787835,nan,nan,nan,0.11182428921229616,0.11182428921229616,nan,nan,nan,0.001,86.85390108497813,6089.901542665204,20722.427734375,0,64,4,
69,0.11861210431564938,0.10560472390868447,nan,nan,nan,0.11345521373824369,0.11345521373824369,7.293004511580382,0.7444832805407536,0.7942937016487122,0.001,95.60105168889277,6185.502594354097,20722.427734375,0,64,5,
70,0.11503982997753404,0.10443928722630848,nan,nan,nan,0.11252963890566378,0.11252963890566378,nan,nan,nan,0.001,86.97011052281596,6272.472704876913,20722.427734375,0,64,6,
71,0.11778893088075247,0.10431683737445961,nan,nan,nan,0.11236232117979814,0.11236232117979814,nan,nan,nan,0.001,87.18445177609101,6359.657156653004,20722.427734375,0,64,7,
72,0.11627260317856615,0.10455386899411678,nan,nan,nan,0.11292681891269382,0.11292681891269382,nan,nan,nan,0.001,86.9865318229422,6446.643688475946,20722.427734375,0,64,8,
73,0.11660623408176682,0.10557186078618873,nan,nan,nan,0.11438416610699506,0.11438416610699506,nan,nan,nan,0.001,86.94950089394115,6533.593189369887,20722.427734375,0,64,9,
74,0.11767453222789548,0.10505454265935854,nan,nan,nan,0.11104920834421009,0.11104920834421009,8.206463015378786,0.7043174764566364,0.8159038424491882,0.001,95.41883907583542,6629.0120284457225,20722.427734375,0,64,10,
75,0.11684882471507246,0.10470396686684001,nan,nan,nan,0.11157587414688605,0.11157587414688605,nan,nan,nan,0.001,86.80039665894583,6715.812425104668,20722.427734375,0,64,11,
76,0.11746408536352894,0.10519613654098728,nan,nan,nan,0.11577384366384429,0.11577384366384429,nan,nan,nan,0.001,86.98237917688675,6802.794804281555,20722.427734375,0,64,12,
77,0.1168139676478776,0.10495174171572381,nan,nan,nan,0.11017797350726008,0.11017797350726008,nan,nan,nan,0.001,86.99565223394893,6889.790456515504,20722.427734375,1,77,0,best
78,0.11679719158194282,0.10473581701517105,nan,nan,nan,0.10959005137927624,0.10959005137927624,nan,nan,nan,0.001,86.9454996031709,6976.735956118675,20722.427734375,1,78,0,best
79,0.1160577213560993,0.10512288304215128,nan,nan,nan,0.1107742325081693,0.1107742325081693,7.810736954094773,0.721240214997022,0.797020673751831,0.001,95.64066626899876,7072.376622387674,20722.427734375,0,78,1,
80,0.11578689928759228,0.1045352578163147,nan,nan,nan,0.11143450918490537,0.11143450918490537,nan,nan,nan,0.001,87.11577241588384,7159.4923948035575,20722.427734375,0,78,2,
81,0.11669022369791161,0.10509898002174768,nan,nan,nan,0.11041291549388452,0.11041291549388452,nan,nan,nan,0.001,86.95343702612445,7246.445831829682,20722.427734375,0,78,3,
82,0.11741432557729158,0.10612908059900457,nan,nan,nan,0.1131333323025798,0.1131333323025798,nan,nan,nan,0.001,87.03392914799042,7333.479760977672,20722.427734375,0,78,4,
83,0.11573845567436167,0.1053275410594836,nan,nan,nan,0.11174870777476574,0.11174870777476574,nan,nan,nan,0.001,75.58373554609716,7409.06349652377,20703.607421875,0,78,5,
84,0.11709129366685044,0.10474813522940332,nan,nan,nan,0.10960440629382115,0.10960440629382115,6.952658960599885,0.759096916142992,0.7403701543807983,0.001,95.59745351807214,7504.660950041842,20722.427734375,0,78,6,
85,0.1170259956609119,0.10406477342952382,nan,nan,nan,0.1118683734729079,0.1118683734729079,nan,nan,nan,0.001,87.00680214096792,7591.66775218281,20722.427734375,0,78,7,
86,0.11419139711016958,0.10361768369647589,nan,nan,nan,0.11263486157359662,0.11263486157359662,nan,nan,nan,0.001,86.99368157004938,7678.661433752859,20722.427734375,0,78,8,
87,0.11689754433252594,0.10567389266057448,nan,nan,nan,0.11080679980499111,0.11080679980499111,nan,nan,nan,0.001,87.01819829503074,7765.67963204789,20722.427734375,0,78,9,
88,0.11597057279538024,0.10474297766658393,nan,nan,nan,0.11171099795532982,0.11171099795532982,nan,nan,nan,0.001,86.900845247088,7852.580477294978,20722.427734375,0,78,10,
89,0.1156788059933619,0.10468033856966279,nan,nan,nan,0.10975180498989917,0.10975180498989917,8.259592993478932,0.6811687436858258,0.7860913276672363,0.001,95.66181880305521,7948.242296098033,20722.427734375,0,78,11,
90,0.11533656624907797,0.10377905284139242,nan,nan,nan,0.1105207737205523,0.1105207737205523,nan,nan,nan,0.001,87.11409795796499,8035.356394055998,20722.427734375,0,78,12,
91,0.1155533018098636,0.10411090136251666,nan,nan,nan,0.10882540958560757,0.10882540958560757,nan,nan,nan,0.001,86.98259315616451,8122.3389872121625,20722.427734375,1,91,0,best
92,0.11661406860432842,0.1033613732592626,nan,nan,nan,0.10970466861321715,0.10970466861321715,nan,nan,nan,0.001,87.0133739351295,8209.352361147292,20722.427734375,0,91,1,
93,0.11568127765574239,0.10417010662230579,nan,nan,nan,0.11017844507291107,0.11017844507291107,nan,nan,nan,0.001,86.90524570504203,8296.257606852334,20722.427734375,0,91,2,
94,0.11585675379769368,0.10424209071153945,nan,nan,nan,0.11023380230014831,0.11023380230014831,7.640213998664099,0.744834229843052,0.7434507608413696,0.001,95.81427061581053,8392.071877468145,20722.427734375,0,91,3,
95,0.11516499573534185,0.10427289032800631,nan,nan,nan,0.11119283194034858,0.11119283194034858,nan,nan,nan,0.001,87.08733171597123,8479.159209184116,20722.427734375,0,91,4,
96,0.11503933390433138,0.10440858727829024,nan,nan,nan,0.11174605784044556,0.11174605784044556,nan,nan,nan,0.001,87.07165286620148,8566.230862050317,20722.427734375,0,91,5,
97,0.11529612717303363,0.10359885154122656,nan,nan,nan,0.11064135518067736,0.11064135518067736,nan,nan,nan,0.001,87.13487062812783,8653.365732678445,20722.427734375,0,91,6,
98,0.1139858146960085,0.10366876629943197,nan,nan,nan,0.10946218145019627,0.10946218145019627,nan,nan,nan,0.001,87.00775612704456,8740.37348880549,20722.427734375,0,91,7,
99,0.11387269971045581,0.1041333735327829,nan,nan,nan,0.11426301277691653,0.11426301277691653,7.47785428667206,0.7511462530831413,0.7687165141105652,0.001,95.69696799712256,8836.070456802612,20722.427734375,0,91,8,
100,0.11344751089133999,0.1052317009053447,nan,nan,nan,0.10952744189074048,0.10952744189074048,nan,nan,nan,0.001,87.00761952996254,8923.078076332575,20722.427734375,0,91,9,
101,0.11449199528856711,0.10490263815630566,nan,nan,nan,0.11066614287847572,0.11066614287847572,nan,nan,nan,0.001,87.109623368131,9010.187699700706,20722.427734375,0,91,10,
102,0.11494866524907675,0.10275931385430423,nan,nan,nan,0.11196870987686172,0.11196870987686172,nan,nan,nan,0.001,87.04900426906534,9097.236703969771,20722.427734375,0,91,11,
103,0.116167597879063,0.10382433831691742,nan,nan,nan,0.1096518132614176,0.1096518132614176,nan,nan,nan,0.001,86.93226518295705,9184.168969152728,20722.427734375,0,91,12,
104,0.11489382349565382,0.10367288078115286,nan,nan,nan,0.10918570936434807,0.10918570936434807,6.8571976811666,0.7233839091016172,0.8337146043777466,0.001,84.17255219514482,9268.341521347873,20703.607421875,0,91,13,
105,0.1136001286858862,0.1034854441542517,nan,nan,nan,0.10957431692034597,0.10957431692034597,nan,nan,nan,0.001,86.90399194415659,9355.24551329203,20722.427734375,0,91,14,
106,0.1147796286100691,0.10407529686662284,nan,nan,nan,0.10874810396365162,0.10874810396365162,nan,nan,nan,0.001,87.11201972700655,9442.357533019036,20722.427734375,0,91,15,
107,0.11440729373558,0.10310541357506406,nan,nan,nan,0.1092165034977889,0.1092165034977889,nan,nan,nan,0.001,87.0297883360181,9529.387321355054,20722.427734375,0,91,16,
108,0.11410504254427824,0.1039731156419624,nan,nan,nan,0.11007221296646164,0.11007221296646164,nan,nan,nan,0.001,87.10028667189181,9616.487608026946,20722.427734375,0,91,17,
109,0.11427929702807557,0.1028708281842145,nan,nan,nan,0.10936549190958393,0.10936549190958393,7.165437870917254,0.7449929979504333,0.7649642825126648,0.001,95.70517977210693,9712.192787799053,20722.427734375,0,91,18,
110,0.11432295759970491,0.10429932986470786,nan,nan,nan,0.10952582349865408,0.10952582349865408,nan,nan,nan,0.001,86.98331894399598,9799.176106743049,20722.427734375,0,91,19,
111,0.1139626699753783,0.10358240258964625,nan,nan,nan,0.10777757451469706,0.10777757451469706,nan,nan,nan,0.001,87.09879657393321,9886.274903316982,20722.427734375,1,111,0,best
112,0.1138221880251711,0.10417648608034308,nan,nan,nan,0.10828066541071454,0.10828066541071454,nan,nan,nan,0.001,87.04595026490279,9973.320853581885,20722.427734375,0,111,1,
113,0.11348155703056942,0.10347647189416669,nan,nan,nan,0.10783715552036482,0.10783715552036482,nan,nan,nan,0.001,87.03579951496795,10060.356653096853,20722.427734375,0,111,2,
114,0.11385106173428622,0.10315718102184208,nan,nan,nan,0.11075987117844813,0.11075987117844813,10.067242876476351,0.6462795270374425,0.7406085133552551,0.001,95.67525045480579,10156.031903551659,20722.427734375,0,111,3,
115,0.11344610537317666,0.10372422340918672,nan,nan,nan,0.1073850017557686,0.1073850017557686,nan,nan,nan,0.001,87.05445277597755,10243.086356327636,20722.427734375,1,115,0,best
116,0.11430557295680047,0.10574335513467138,nan,nan,nan,0.11040872477162308,0.11040872477162308,nan,nan,nan,0.001,87.00139378104359,10330.08775010868,20722.427734375,0,115,1,
117,0.11301000382412564,0.10417955595661293,nan,nan,nan,0.10871023975086339,0.10871023975086339,nan,nan,nan,0.001,87.0293738679029,10417.117123976583,20722.427734375,0,115,2,
118,0.1131674896587025,0.10380974137647585,nan,nan,nan,0.109735969291653,0.109735969291653,nan,nan,nan,0.001,87.1101918888744,10504.227315865457,20722.427734375,0,115,3,
119,0.11353083706714891,0.10489764084870165,nan,nan,nan,0.11010952402924924,0.11010952402924924,6.956443019888988,0.7337210440683697,0.7773378491401672,0.001,95.60583995981142,10599.833155825268,20722.427734375,0,115,4,
120,0.11305803768336772,0.10289528603580865,nan,nan,nan,0.11013317714436681,0.11013317714436681,nan,nan,nan,0.001,86.9691041901242,10686.802260015393,20722.427734375,0,115,5,
121,0.11416666880249977,0.1041515590115027,nan,nan,nan,0.11063426338539728,0.11063426338539728,nan,nan,nan,0.001,87.01664945599623,10773.818909471389,20722.427734375,0,115,6,
122,0.11226572980257597,0.10243221975185654,nan,nan,nan,0.11015772214024039,0.11015772214024039,nan,nan,nan,0.001,87.02171754301526,10860.840627014404,20722.427734375,0,115,7,
123,0.11441974253817037,0.10403930649838665,nan,nan,nan,0.10823302989040687,0.10823302989040687,nan,nan,nan,0.001,87.03176080319099,10947.872387817595,20722.427734375,0,115,8,
124,0.11256455721502955,0.10283884402703156,nan,nan,nan,0.1090651821231905,0.1090651821231905,7.889191798793543,0.7065253511004186,0.7869278192520142,0.001,95.7376595758833,11043.610047393478,20722.427734375,0,115,9,
125,0.1120218122021748,0.10393991488250878,nan,nan,nan,0.10913013443449214,0.10913013443449214,nan,nan,nan,0.001,75.44912660401314,11119.059173997492,20703.607421875,0,115,10,
126,0.11381003714420579,0.10450975434346632,nan,nan,nan,0.1089567227163592,0.1089567227163592,nan,nan,nan,0.001,87.02761538908817,11206.08678938658,20722.427734375,0,115,11,
127,0.11345845454118468,0.10221064798533916,nan,nan,nan,0.10745918659426892,0.10745918659426892,nan,nan,nan,0.001,86.8889334241394,11292.97572281072,20722.427734375,0,115,12,
128,0.1134505630555478,0.10396245795894753,nan,nan,nan,0.11132417481830602,0.11132417481830602,nan,nan,nan,0.001,87.07759967003949,11380.053322480759,20722.427734375,0,115,13,
129,0.11177063570781187,0.10270448736846446,nan,nan,nan,0.10731989181892088,0.10731989181892088,8.455471375785535,0.7182554433937062,0.8796740770339966,0.001,95.7489720620215,11475.80229454278,20722.427734375,0,115,14,
130,0.11416122994639656,0.1037781040438197,nan,nan,nan,0.10866461264724933,0.10866461264724933,nan,nan,nan,0.001,86.96103144390509,11562.763325986685,20722.427734375,0,115,15,
131,0.11277395158328793,0.1026388540525328,nan,nan,nan,0.10725314942344807,0.10725314942344807,nan,nan,nan,0.001,87.04529195418581,11649.808617940871,20722.427734375,1,131,0,best
132,0.11188846443864432,0.10348787941038609,nan,nan,nan,0.10874592013450406,0.10874592013450406,nan,nan,nan,0.001,86.99742323509417,11736.806041175965,20722.427734375,0,131,1,
133,0.11238241629167037,0.10291895422745835,nan,nan,nan,0.10812304895887917,0.10812304895887917,nan,nan,nan,0.001,87.05252524302341,11823.858566418989,20722.427734375,0,131,2,
134,0.1126510975374417,0.1031421385705471,nan,nan,nan,0.11076995809531748,0.11076995809531748,5.915209277386074,0.7425997462415784,0.7415083646774292,0.001,95.68249520217068,11919.54106162116,20722.427734375,0,131,3,
135,0.11400117230686274,0.10246326710012826,nan,nan,nan,0.11028567949799598,0.11028567949799598,nan,nan,nan,0.001,87.03997417795472,12006.581035799114,20722.427734375,0,131,4,
136,0.11146663877774368,0.10268723683601076,nan,nan,nan,0.1080153689792323,0.1080153689792323,nan,nan,nan,0.001,87.01952673005871,12093.600562529173,20722.427734375,0,131,5,
137,0.11208513504402204,0.10334278903901577,nan,nan,nan,0.10746735725724083,0.10746735725724083,nan,nan,nan,0.001,86.80888123507611,12180.409443764249,20722.427734375,0,131,6,
138,0.11218772418797016,0.10370912616225807,nan,nan,nan,0.10698553976483516,0.10698553976483516,nan,nan,nan,0.001,87.07888063788414,12267.488324402133,20722.427734375,1,138,0,best
139,0.11234738210385496,0.10380973968316208,nan,nan,nan,0.1072049013728982,0.1072049013728982,7.393342290132475,0.7223557900407412,0.8550797700881958,0.001,95.70446910499595,12363.192793507129,20722.427734375,0,138,1,
140,0.11321975700557232,0.10429720092903484,nan,nan,nan,0.1076393779903611,0.1076393779903611,nan,nan,nan,0.001,86.9724807201419,12450.16527422727,20722.427734375,0,138,2,
141,0.1120204873721708,0.10332233766940507,nan,nan,nan,0.10702643690918678,0.10702643690918678,nan,nan,nan,0.001,86.9642281930428,12537.129502420314,20722.427734375,0,138,3,
142,0.11317271769724109,0.10313977636396884,nan,nan,nan,0.10839110751448093,0.10839110751448093,nan,nan,nan,0.001,87.08756659505889,12624.217069015373,20722.427734375,0,138,4,
143,0.11164268177341331,0.1022076760164716,nan,nan,nan,0.10900939817551421,0.10900939817551421,nan,nan,nan,0.001,87.00916377198882,12711.226232787361,20722.427734375,0,138,5,
144,0.11164152517237447,0.10161258195611564,nan,nan,nan,0.10875268381684428,0.10875268381684428,7.453304919895758,0.7585774459516483,0.8014694452285767,0.001,95.69836196000688,12806.924594747368,20722.427734375,0,138,6,
145,0.11378278535875407,0.10251841612837531,nan,nan,nan,0.10686533897918313,0.10686533897918313,nan,nan,nan,0.001,86.90209991508164,12893.82669466245,20722.427734375,1,145,0,best
146,0.11175358592649627,0.10483766567023074,nan,nan,nan,0.10741238207451734,0.10741238207451734,nan,nan,nan,0.001,75.4863193121273,12969.313013974577,20703.607421875,0,145,1,
147,0.113245817002925,0.1016112958504395,nan,nan,nan,0.10738066733277143,0.10738066733277143,nan,nan,nan,0.001,86.92719304910861,13056.240207023686,20722.427734375,0,145,2,
148,0.11321041479029438,0.1022049392150207,nan,nan,nan,0.10808809459839346,0.10808809459839346,nan,nan,nan,0.001,86.89467674400657,13143.134883767692,20722.427734375,0,145,3,
149,0.11279526464641094,0.10253274840387432,nan,nan,nan,0.10826403165587975,0.10826403165587975,7.097980036440644,0.7496802794346952,0.8470665216445923,0.001,95.66729768598452,13238.802181453677,20722.427734375,0,145,4,
150,0.11201779253103517,0.10254305441948501,nan,nan,nan,0.10785996069445163,0.10785996069445163,nan,nan,nan,0.001,87.00759807904251,13325.80977953272,20722.427734375,0,145,5,
151,0.11040495373308659,0.10288185226646336,nan,nan,nan,0.10667579661036106,0.10667579661036106,nan,nan,nan,0.001,87.08558942005038,13412.89536895277,20722.427734375,1,151,0,best
152,0.1101758329028433,0.10313080352815715,nan,nan,nan,0.10641929412769988,0.10641929412769988,nan,nan,nan,0.001,87.17225568694994,13500.06762463972,20722.427734375,1,152,0,best
153,0.1130391306497834,0.10288382700898431,nan,nan,nan,0.10763341256539131,0.10763341256539131,nan,nan,nan,0.001,86.97021556901745,13587.037840208737,20722.427734375,0,152,1,
154,0.11284617368470538,0.10295743288641626,nan,nan,nan,0.10843366460094678,0.10843366460094678,8.26842377272732,0.646131283311796,0.820195734500885,0.001,95.78292909404263,13682.82076930278,20722.427734375,0,152,2,
155,0.11098685830154202,0.1024440768767487,nan,nan,nan,0.1076688943876143,0.1076688943876143,nan,nan,nan,0.001,86.92122041201219,13769.741989714792,20722.427734375,0,152,3,
156,0.1120272214778445,0.10184728665785356,nan,nan,nan,0.10778350286392428,0.10778350286392428,nan,nan,nan,0.001,87.03300144081004,13856.774991155602,20722.427734375,0,152,4,
157,0.11233982741832733,0.10355977422811768,nan,nan,nan,0.10725665743434445,0.10725665743434445,nan,nan,nan,0.001,87.04711816087365,13943.822109316476,20722.427734375,0,152,5,
158,0.11132315891710194,0.10315730107778853,nan,nan,nan,0.11611880582106476,0.11611880582106476,nan,nan,nan,0.001,87.02104979101568,14030.843159107491,20722.427734375,0,152,6,
159,0.11189333484931425,0.1033438754691319,nan,nan,nan,0.10829449122774082,0.10829449122774082,5.788485061790777,0.7669030404874144,0.8240143656730652,0.001,95.72140684514306,14126.564565952634,20722.427734375,0,152,7,
160,0.11085827699439092,0.10289323749867353,nan,nan,nan,0.10693598747095942,0.10693598747095942,nan,nan,nan,0.001,87.0394851830788,14213.604051135713,20722.427734375,0,152,8,
161,0.11155913472175598,0.10171016390350732,nan,nan,nan,0.1080457268255705,0.1080457268255705,nan,nan,nan,0.001,87.0583953880705,14300.662446523784,20722.427734375,0,152,9,
162,0.1123137816786766,0.10300100499933416,nan,nan,nan,0.109038173502786,0.109038173502786,nan,nan,nan,0.001,87.11086265207268,14387.773309175856,20722.427734375,0,152,10,
163,0.110901610722596,0.1022642021490769,nan,nan,nan,0.10796143687385548,0.10796143687385548,nan,nan,nan,0.001,87.02468927414156,14474.797998449998,20722.427734375,0,152,11,
164,0.11097671376033262,0.10290732868015766,nan,nan,nan,0.10854926357732267,0.10854926357732267,8.200657373433007,0.7335811514839015,0.7919629812240601,0.001,95.67709092213772,14570.475089372136,20722.427734375,0,152,12,
165,0.11123740222643722,0.10067367817867887,nan,nan,nan,0.10731013366064276,0.10731013366064276,nan,nan,nan,0.001,86.98968349210918,14657.464772864245,20722.427734375,0,152,13,
166,0.11165994249961593,0.10323109575970606,nan,nan,nan,0.10834019479773634,0.10834019479773634,nan,nan,nan,0.001,87.12216530111618,14744.586938165361,20722.427734375,0,152,14,
167,0.11100351277107749,0.100907765980301,nan,nan,nan,0.10925876945847722,0.10925876945847722,nan,nan,nan,0.001,75.5091017021332,14820.096039867494,20703.607421875,0,152,15,
168,0.11236500618132678,0.10304353379390456,nan,nan,nan,0.10852152344966344,0.10852152344966344,nan,nan,nan,0.001,87.03148345206864,14907.127523319563,20722.427734375,0,152,16,
169,0.11288309364833615,0.10183558823032812,nan,nan,nan,0.1074229151640417,0.1074229151640417,6.113505560243954,0.7496118077484937,0.8128304481506348,0.001,95.78288626600988,15002.910409585573,20722.427734375,0,152,17,
170,0.11285939731381156,0.10434412045234984,nan,nan,nan,0.10629013997245496,0.10629013997245496,nan,nan,nan,0.001,87.03563655307516,15089.946046138648,20722.427734375,1,170,0,best
171,0.11254864206368273,0.10186410928991708,nan,nan,nan,0.10712099392631409,0.10712099392631409,nan,nan,nan,0.001,87.04133002599701,15176.987376164645,20722.427734375,0,170,1,
172,0.10972911955958063,0.10289299460974606,nan,nan,nan,0.1075640829188978,0.1075640829188978,nan,nan,nan,0.001,87.04191668191925,15264.029292846564,20722.427734375,0,170,2,
173,0.11086217933757739,0.10155228945341978,nan,nan,nan,0.10869930999124695,0.10869930999124695,nan,nan,nan,0.001,87.09514809492975,15351.124440941494,20722.427734375,0,170,3,
174,0.11037960326807066,0.10119530114937912,nan,nan,nan,0.10979603315990226,0.10979603315990226,5.8163520570444796,0.7443450273402427,0.7897748947143555,0.001,95.57751247589476,15446.701953417389,20722.427734375,0,170,4,
175,0.11234072748232972,0.10189600305801089,nan,nan,nan,0.10827578241436138,0.10827578241436138,nan,nan,nan,0.001,86.98151677893475,15533.683470196323,20722.427734375,0,170,5,
176,0.1115931377153505,0.10104780901562084,nan,nan,nan,0.10880848263024968,0.10880848263024968,nan,nan,nan,0.001,87.00214294693433,15620.685613143258,20722.427734375,0,170,6,
177,0.11140764799307692,0.10324638353830035,nan,nan,nan,0.10641013827160138,0.10641013827160138,nan,nan,nan,0.001,86.99768369295634,15707.683296836214,20722.427734375,0,170,7,
178,0.1115058906037699,0.10220313929021359,nan,nan,nan,0.10669402533667248,0.10669402533667248,nan,nan,nan,0.001,87.12319521303289,15794.806492049247,20722.427734375,0,170,8,
179,0.11220266819000244,0.10149045010859316,nan,nan,nan,0.10699052596107972,0.10699052596107972,6.236539989573964,0.7483061363522666,0.7804595828056335,0.001,95.7612577250693,15890.567749774316,20722.427734375,0,170,9,
180,0.11086363433436915,0.10151200277561491,nan,nan,nan,0.10687054615748291,0.10687054615748291,nan,nan,nan,0.001,87.01068404782563,15977.578433822142,20722.427734375,0,170,10,
181,0.10968478471040725,0.10192910212684761,nan,nan,nan,0.1086238974309188,0.1086238974309188,nan,nan,nan,0.001,87.01907957787625,16064.597513400018,20722.427734375,0,170,11,
182,0.11042212545871735,0.10191045074977657,nan,nan,nan,0.10520619971867123,0.10520619971867123,nan,nan,nan,0.001,87.04251227993518,16151.640025679953,20722.427734375,1,182,0,best
183,0.11082113266668536,0.10389774306253953,nan,nan,nan,0.10733257297874284,0.10733257297874284,nan,nan,nan,0.001,86.90413662511855,16238.544162305072,20722.427734375,0,182,1,
184,0.11223177825185386,0.10210066092285243,nan,nan,nan,0.10844903043034528,0.10844903043034528,7.914191556196474,0.7045591840108248,0.811492919921875,0.001,95.6261161249131,16334.170278429985,20722.427734375,0,182,2,
185,0.11100354292853312,0.10203952494670045,nan,nan,nan,0.10822940972317477,0.10822940972317477,nan,nan,nan,0.001,87.05592541000806,16421.226203839993,20722.427734375,0,182,3,
186,0.11124132932587104,0.10149943960661238,nan,nan,nan,0.10780446938432192,0.10780446938432192,nan,nan,nan,0.001,87.0043360311538,16508.230539871147,20722.427734375,0,182,4,
187,0.11136136204004288,0.10199121673676101,nan,nan,nan,0.11330111135816007,0.11330111135816007,nan,nan,nan,0.001,87.02721201209351,16595.25775188324,20722.427734375,0,182,5,
188,0.11099083286002685,0.10283748736309875,nan,nan,nan,0.10750199190612827,0.10750199190612827,nan,nan,nan,0.001,75.47277454403229,16670.730526427273,20703.607421875,0,182,6,
189,0.11138645007529042,0.10118606490167704,nan,nan,nan,0.10485093741624799,0.10485093741624799,5.827683796687186,0.7732914150008432,0.7911968231201172,0.001,95.60095047717914,16766.331476904452,20722.427734375,1,189,0,best
190,0.11066258939152414,0.10184921591796658,nan,nan,nan,0.10694875856922986,0.10694875856922986,nan,nan,nan,0.001,87.05567962001078,16853.387156524463,20722.427734375,0,189,1,
191,0.11044506257907911,0.10145766406574032,nan,nan,nan,0.10701919529523056,0.10701919529523056,nan,nan,nan,0.001,87.07075332594104,16940.457909850404,20722.427734375,0,189,2,
192,0.1108715468170968,0.10246155898679386,nan,nan,nan,0.1074554973974568,0.1074554973974568,nan,nan,nan,0.001,86.93333752499893,17027.391247375403,20722.427734375,0,189,3,
193,0.11044627485627478,0.10095755945552479,nan,nan,nan,0.10997967651136012,0.10997967651136012,nan,nan,nan,0.001,86.9189182089176,17114.31016558432,20722.427734375,0,189,4,
194,0.11079229485582222,0.10184820487417957,nan,nan,nan,0.10613392942647795,0.10613392942647795,7.4509408561324,0.7355349896719197,0.8030434846878052,0.001,95.66823707288131,17209.9784026572,20722.427734375,0,189,5,
195,0.11028069427067583,0.10380524776198648,nan,nan,nan,0.10560672480017537,0.10560672480017537,nan,nan,nan,0.001,87.09000584599562,17297.068408503197,20722.427734375,0,189,6,
196,0.11233355030417443,0.10199737423522906,nan,nan,nan,0.10720386141751212,0.10720386141751212,nan,nan,nan,0.001,87.11380198597908,17384.182210489176,20722.427734375,0,189,7,
197,0.11159633130512454,0.10127948495474728,nan,nan,nan,0.10804772510081333,0.10804772510081333,nan,nan,nan,0.001,87.075526090106,17471.257736579282,20722.427734375,0,189,8,
198,0.10931167534806512,0.10293601422824643,nan,nan,nan,0.10595716724228828,0.10595716724228828,nan,nan,nan,0.001,87.03276114701293,17558.290497726295,20722.427734375,0,189,9,
199,0.11124483736401254,0.1030758680945093,nan,nan,nan,0.10751609440641957,0.10751609440641957,5.86927481208554,0.7427711685634756,0.8141331672668457,0.001,95.68772747088224,17653.978225197177,20722.427734375,0,189,10,
200,0.10957468036900866,0.10256282379004088,nan,nan,nan,0.1063147252428012,0.1063147252428012,nan,nan,nan,0.001,87.06246583699249,17741.04069103417,20722.427734375,0,189,11,
201,0.11099227331578732,0.10309286886318163,nan,nan,nan,0.10579098171137441,0.10579098171137441,nan,nan,nan,0.001,87.0859526002314,17828.1266436344,20722.427734375,0,189,12,
202,0.11194257001307878,0.1024395168166269,nan,nan,nan,0.1074378664498285,0.1074378664498285,nan,nan,nan,0.001,86.99787844903767,17915.12452208344,20722.427734375,0,189,13,
203,0.11147631742060185,0.1011067374524745,nan,nan,nan,0.10770738357124429,0.10770738357124429,nan,nan,nan,0.001,87.00148814194836,18002.126010225387,20722.427734375,0,189,14,
204,0.11231533861295744,0.10172357867387208,nan,nan,nan,0.10808005993164672,0.10808005993164672,7.8084241065494755,0.745547113876208,0.8232213258743286,0.001,95.7714657690376,18097.897475994425,20722.427734375,0,189,15,
205,0.11019029725681652,0.10189587595787915,nan,nan,nan,0.1070794521778074,0.1070794521778074,nan,nan,nan,0.001,87.00884079490788,18184.906316789333,20722.427734375,0,189,16,
206,0.10994017344306815,0.10291653976521709,nan,nan,nan,0.10681361406451015,0.10681361406451015,nan,nan,nan,0.001,87.01221763389185,18271.918534423225,20722.427734375,0,189,17,
207,0.11057834777642381,0.10227737084708431,nan,nan,nan,0.10935535842707797,0.10935535842707797,nan,nan,nan,0.001,87.02767893206328,18358.946213355288,20722.427734375,0,189,18,
208,0.11176225915551186,0.10162843845107339,nan,nan,nan,0.10571873102784944,0.10571873102784944,nan,nan,nan,0.001,87.03618805715814,18445.982401412446,20722.427734375,0,189,19,
209,0.10969353646365672,0.10102577833204321,nan,nan,nan,0.10715750973952179,0.10715750973952179,6.888364794044083,0.7141626665475636,0.7933948040008545,0.001,84.2620633719489,18530.244464784395,20703.607421875,0,189,20,early_stop(patience=20)
